date,y,num_edges
2014-03-31,-0.010097917326737572,677
2014-04-01,-0.014308258478610166,675
2014-04-02,-0.012845917283371717,684
2014-04-03,-0.010416800289797086,673
2014-04-04,0.007185605806954341,712
2014-04-07,0.0069753495632802615,750
2014-04-08,0.004371938438720814,739
2014-04-09,-0.010198517154077226,733
2014-04-10,0.017201402833687617,824
2014-04-11,0.040875262972881195,835
2014-04-14,0.033248601515473125,854
2014-04-15,0.022194828537535252,857
2014-04-16,0.0040139016268779856,886
2014-04-17,0.007457099879035233,890
2014-04-21,0.006438721512873159,894
2014-04-22,-0.008142352112152007,846
2014-04-23,0.005729135867362391,848
2014-04-24,0.00909368185540363,819
2014-04-25,0.02843401622960824,803
2014-04-28,0.03697703892604063,756
2014-04-29,0.026959740604354885,768
2014-04-30,0.02790461826784739,611
2014-05-01,0.02418706975249398,617
2014-05-02,0.027230592849924105,624
2014-05-05,0.0235622046198672,595
2014-05-06,0.03809092937914465,597
2014-05-07,0.04115803067315052,586
2014-05-08,0.04742724085517013,551
2014-05-09,0.04466036031017772,561
2014-05-12,0.03516335436820355,595
2014-05-13,0.03217011497761693,597
2014-05-14,0.029710389501816488,597
2014-05-15,0.039658642262304054,583
2014-05-16,0.03509752713292116,582
2014-05-19,0.03317011072422064,604
2014-05-20,0.04659431466355935,602
2014-05-21,0.03803786134591084,631
2014-05-22,0.03295151565857175,644
2014-05-23,0.027582853401831958,651
2014-05-27,0.015037864655246674,657
2014-05-28,0.023385122751087638,652
2014-05-29,0.01631135483006839,591
2014-05-30,0.018176026625166982,605
2014-06-02,0.018293693372022676,610
2014-06-03,0.028940202287334096,633
2014-06-04,0.0280714818179452,640
2014-06-05,0.026805867599649702,642
2014-06-06,0.01656349806044589,648
2014-06-09,0.007860772868394848,602
2014-06-10,0.011346076000245509,595
2014-06-11,0.009375412402517214,595
2014-06-12,0.01990928655884121,590
2014-06-13,0.025150700357063023,579
2014-06-16,0.02146536690787275,569
2014-06-17,0.01983872801031268,590
2014-06-18,0.0014671234232021737,597
2014-06-19,0.009836889186240372,627
2014-06-20,0.008637612698743056,599
2014-06-23,0.012204426285814779,611
2014-06-24,0.017564710062066675,622
2014-06-25,0.011999898457306304,606
2014-06-26,0.006575449112444617,604
2014-06-27,0.004652893736381088,601
2014-06-30,0.0004250409949431589,605
2014-07-01,-0.004537340574785734,549
2014-07-02,-0.02471973626028627,517
2014-07-03,-0.032784607505390646,538
2014-07-07,-0.01999816179443996,516
2014-07-08,-0.01773003329683962,354
2014-07-09,-0.021370605259498982,304
2014-07-10,-0.02143748539984313,307
2014-07-11,-0.012826939401213298,304
2014-07-14,-0.016445191434984293,294
2014-07-15,-0.016218216000494143,290
2014-07-16,-0.012654469144218541,288
2014-07-17,0.0032346105344940998,310
2014-07-18,-0.0044922857724768025,324
2014-07-21,0.006193186336779047,346
2014-07-22,0.007806729803009235,341
2014-07-23,0.010734456223784614,335
2014-07-24,0.013213945263901307,323
2014-07-25,0.019799569545815666,328
2014-07-28,0.024247950874952698,334
2014-07-29,0.02868179583887391,332
2014-07-30,0.025563360844788188,343
2014-07-31,0.04319172144824565,473
2014-08-01,0.04989382107759289,482
2014-08-04,0.04507720161361969,489
2014-08-05,0.05192856564014717,525
2014-08-06,0.05110919927853612,483
2014-08-07,0.06099473181454936,507
2014-08-08,0.04812422611461671,555
2014-08-11,0.037555977624624814,541
2014-08-12,0.04406159057041652,553
2014-08-13,0.0379886475139738,568
2014-08-14,0.027944344248947633,542
2014-08-15,0.022945268947812708,519
2014-08-18,0.021067042547383216,550
2014-08-19,0.017541275722060583,538
2014-08-20,0.021560354158876766,537
2014-08-21,0.01794714582561035,528
2014-08-22,0.009300100583198823,518
2014-08-25,-0.001133669498392228,518
2014-08-26,0.007525286674466297,521
2014-08-27,-0.00963189550786529,521
2014-08-28,0.0011299042927731626,523
2014-08-29,-0.00493019446818904,511
2014-09-02,-0.0092789467383805,494
2014-09-03,-0.022592483668116992,498
2014-09-04,-0.02236877454305656,494
2014-09-05,-0.015346125225110158,502
2014-09-08,-0.01610247289817634,481
2014-09-09,-0.02483104061160167,501
2014-09-10,-0.011105734372990353,500
2014-09-11,-0.03173177849103172,494
2014-09-12,-0.043166217428176806,501
2014-09-15,-0.05479420319357203,505
2014-09-16,-0.06081683538061881,556
2014-09-17,-0.07005957676725236,538
2014-09-18,-0.08099587664998202,540
2014-09-19,-0.06513268002371089,520
2014-09-22,-0.04733100762100029,546
2014-09-23,-0.02179051857030082,574
2014-09-24,-0.03916663697141665,594
2014-09-25,-0.007589681406936005,707
2014-09-26,-0.009636108507207034,704
2014-09-29,-0.009443140624958591,679
2014-09-30,0.006724693781666605,664
2014-10-01,0.016845581587272604,733
2014-10-02,0.022790952813228606,727
2014-10-03,0.023347789839526515,773
2014-10-06,0.025617064110715373,770
2014-10-07,0.04102696004227189,873
2014-10-08,0.025566871141237107,1002
2014-10-09,0.04957111015822801,1106
2014-10-10,0.065550139023296,1060
2014-10-13,0.08569368778935514,1096
2014-10-14,0.08542363897585942,1066
2014-10-15,0.0921670055388811,1069
2014-10-16,0.0972304450066822,1006
2014-10-17,0.08303196637407995,1073
2014-10-20,0.0728390453796952,1106
2014-10-21,0.0581710083780536,1156
2014-10-22,0.06386402542278866,1163
2014-10-23,0.0497910006964924,1189
2014-10-24,0.048847516502530546,1096
2014-10-27,0.0530967015695992,1108
2014-10-28,0.03934359076176803,1133
2014-10-29,0.047434876210288655,1105
2014-10-30,0.04206740887825671,1090
2014-10-31,0.021589941341942434,1095
2014-11-03,0.027021172238390224,1066
2014-11-04,0.029890169327611522,1053
2014-11-05,0.026864408081161768,1035
2014-11-06,0.02542396774216265,995
2014-11-07,0.018840497603163003,991
2014-11-10,0.012114324496604115,987
2014-11-11,-0.00447407578172997,974
2014-11-12,0.0006758050025546065,973
2014-11-13,-0.013818274283306488,979
2014-11-14,-0.02130648250922259,964
2014-11-17,-0.03127316875989392,975
2014-11-18,-0.0158923972725215,962
2014-11-19,0.00998207194907558,941
2014-11-20,0.012545659124132793,934
2014-11-21,0.01071590188850282,939
2014-11-24,0.008263038949776107,934
2014-11-25,0.008652943182500572,935
2014-11-26,0.0073712216113795605,942
2014-11-28,0.006352545413236431,881
2014-12-01,0.008149904448135646,875
2014-12-02,-0.00652619999172303,870
2014-12-03,-0.009780195975239147,859
2014-12-04,-0.027472117006419185,851
2014-12-05,-0.037916980040792095,841
2014-12-08,-0.01803615286501801,805
2014-12-09,0.002332174859231399,782
2014-12-10,0.009100716453770839,860
2014-12-11,-0.002392845402522501,876
2014-12-12,0.009263741623777442,898
2014-12-15,0.00904604997516295,912
2014-12-16,0.009677539525539664,895
2014-12-17,0.0006439282112527134,964
2014-12-18,-0.020747904212014553,1038
2014-12-19,-0.016396785280333448,967
2014-12-22,-0.004580234201423304,963
2014-12-23,-0.008830431217573716,939
2014-12-24,-0.006812895717864028,937
2014-12-26,-0.025398758096181438,893
2014-12-29,-0.040540329797918495,894
2014-12-30,-0.025700621208248786,882
2014-12-31,-0.030295407420778096,906
2015-01-02,-0.016340222439377758,833
2015-01-05,0.017437709637757107,835
2015-01-06,0.02341114400450535,739
2015-01-07,0.023921060134874772,749
2015-01-08,0.0002377641193755031,745
2015-01-09,0.00476372599159969,791
2015-01-12,0.024065281203363993,803
2015-01-13,0.026542550404341576,860
2015-01-14,0.04331588614593169,839
2015-01-15,0.05722214606215353,849
2015-01-16,0.04663193571344824,856
2015-01-20,0.044368399154252745,840
2015-01-21,0.03630705170310678,784
2015-01-22,0.02918355084154125,803
2015-01-23,0.030649227987528744,765
2015-01-26,0.032054791070559835,732
2015-01-27,0.04955020727475098,779
2015-01-28,0.06795066503126208,857
2015-01-29,0.054369491263997496,836
2015-01-30,0.07533972674574609,827
2015-02-02,0.05543158354246144,850
2015-02-03,0.034588350408773325,904
2015-02-04,0.039038151605726934,876
2015-02-05,0.011834272311850405,899
2015-02-06,0.021960066843931238,892
2015-02-09,0.010169674625350116,884
2015-02-10,-0.005417910261107382,905
2015-02-11,0.00676972569095693,913
2015-02-12,-0.009376565714790622,877
2015-02-13,0.0014837764796701639,872
2015-02-17,-0.002576813874725484,872
2015-02-18,0.007044011262474994,891
2015-02-19,0.0049023505035903,875
2015-02-20,0.003952364694368001,872
2015-02-23,0.004337048541002582,864
2015-02-24,-0.004769504072907725,877
2015-02-25,-0.02689805715102049,865
2015-02-26,-0.03442135255563173,847
2015-02-27,-0.0280276499562493,857
2015-03-02,-0.023718612056457408,860
2015-03-03,-0.026801647591349155,874
2015-03-04,-0.02562087498664368,879
2015-03-05,-0.0239035937052831,879
2015-03-06,-0.003354720392995297,930
2015-03-09,-0.008071522690220333,970
2015-03-10,0.012567697188922033,970
2015-03-11,0.02044028897100609,966
2015-03-12,0.013649252381251857,980
2015-03-13,0.014975173000363724,986
2015-03-16,0.002051391369478936,992
2015-03-17,0.009941681859723613,926
2015-03-18,0.004688187786838343,850
2015-03-19,-0.007485977769410733,858
2015-03-20,-0.0067628828606618695,856
2015-03-23,-0.005159495838623091,869
2015-03-24,0.006677205548616357,861
2015-03-25,0.0263970966136471,903
2015-03-26,0.03336900183316764,913
2015-03-27,0.02865521465264631,899
2015-03-30,0.019258568247805738,906
2015-03-31,0.028329900481209692,934
2015-04-01,0.02183890343387798,882
2015-04-02,0.028385396118499447,900
2015-04-06,0.024870161074429416,878
2015-04-07,0.0157435534669369,821
2015-04-08,0.008346590298588485,803
2015-04-09,0.010016149062717227,790
2015-04-10,0.014417780935762644,762
2015-04-13,0.016070370122569927,762
2015-04-14,0.013316312970781261,748
2015-04-15,0.009162116245006596,718
2015-04-16,0.01626093436728601,701
2015-04-17,0.032745919608269135,751
2015-04-20,0.02610907858884793,737
2015-04-21,0.02569925452862463,797
2015-04-22,0.01736166130242298,801
2015-04-23,0.019349478514605348,736
2015-04-24,0.016005773724288717,663
2015-04-27,0.010286223749344145,669
2015-04-28,0.019035091408161883,593
2015-04-29,0.018257067870500906,556
2015-04-30,0.023968688902700836,536
2015-05-01,0.016217416071143083,596
2015-05-04,0.012060661721218651,584
2015-05-05,0.024816062955654316,641
2015-05-06,0.021092365911811344,642
2015-05-07,0.01464637707278549,617
2015-05-08,-0.0026799301095876147,665
2015-05-11,0.0015621005453306074,676
2015-05-12,0.015288222054214262,687
2015-05-13,0.016115664202672426,675
2015-05-14,-0.0018652888219856554,725
2015-05-15,-0.007994102988535404,712
2015-05-18,-0.004211050268399942,714
2015-05-19,0.0003117703749141898,706
2015-05-20,0.012216331832732148,717
2015-05-21,0.005413941052312449,717
2015-05-22,0.011717339251083734,734
2015-05-26,0.02160473400305035,765
2015-05-27,0.0024110916426961174,783
2015-05-28,0.0008609355230791678,773
2015-05-29,0.0044288451500910575,775
2015-06-01,-0.01930986023025454,786
2015-06-02,-0.015376874575712336,732
2015-06-03,-0.010993401430600742,733
2015-06-04,-0.0024922052333900737,663
2015-06-05,-0.0059325627525988675,665
2015-06-08,0.00257969879199189,649
2015-06-09,-0.013866627225137084,637
2015-06-10,-0.024522690320421488,636
2015-06-11,-0.013041048597765283,633
2015-06-12,0.004846170140864522,646
2015-06-15,0.015815217764389253,669
2015-06-16,0.008578702427366518,670
2015-06-17,0.01412757254320026,686
2015-06-18,0.005135057785636287,699
2015-06-19,0.011612333895973607,606
2015-06-22,0.0018750195561028108,622
2015-06-23,-0.0022113149551178744,616
2015-06-24,-0.0010624483245613861,581
2015-06-25,-0.005776227506968934,548
2015-06-26,-0.012382886051702676,550
2015-06-29,0.024425115995383134,722
2015-06-30,0.03064391683543856,729
2015-07-01,0.024912283768037936,756
2015-07-02,0.022692796995508996,758
2015-07-06,0.027124150566159733,756
2015-07-07,0.02463831088853845,758
2015-07-08,0.04418357337383045,837
2015-07-09,0.032614077429019714,835
2015-07-10,0.01993439976164294,899
2015-07-13,0.017268524936077466,955
2015-07-14,0.0016130128229698802,934
2015-07-15,0.003335746017683288,899
2015-07-16,-0.006011719550553875,908
2015-07-17,-0.003378035914345199,863
2015-07-20,0.000261551181385598,886
2015-07-21,0.0004145934701660875,958
2015-07-22,-0.004088072623339715,946
2015-07-23,-0.022393946363758768,954
2015-07-24,-0.04967434944375883,936
2015-07-27,-0.08301228557285202,898
2015-07-28,-0.11213140790570378,893
2015-07-29,-0.0791878397975195,910
2015-07-30,-0.05549698081549148,853
2015-07-31,-0.053827516538010496,819
2015-08-03,-0.06362371197687279,812
2015-08-04,-0.09381736852941756,773
2015-08-05,-0.07924391193844657,714
2015-08-06,-0.06931494510099757,708
2015-08-07,-0.08471205600552034,688
2015-08-10,-0.0675278275236637,691
2015-08-11,-0.07173063259832717,712
2015-08-12,-0.06601425410957032,697
2015-08-13,-0.05954967027389558,712
2015-08-14,-0.06871619058832067,726
2015-08-17,-0.059455594743189316,741
2015-08-18,-0.047987495002460634,754
2015-08-19,-0.043106615453749386,724
2015-08-20,-0.03240928155769768,853
2015-08-21,0.007601446818402724,1114
2015-08-24,0.03725778410418362,1360
2015-08-25,0.04950623483636355,1345
2015-08-26,0.004782753532524395,1515
2015-08-27,-0.019765096085528462,1568
2015-08-28,-0.04512040855928834,1580
2015-08-31,-0.034653736371086034,1583
2015-09-01,0.015918380121367405,1619
2015-09-02,-0.0014020826259130992,1636
2015-09-03,0.011490126213072714,1634
2015-09-04,0.04622302267078042,1639
2015-09-08,0.016327434714075953,1646
2015-09-09,0.036372558652135664,1641
2015-09-10,0.03861739587696016,1642
2015-09-11,0.03282915447202214,1641
2015-09-14,0.03941556850911521,1639
2015-09-15,0.01877778595216361,1640
2015-09-16,0.005861115551000413,1644
2015-09-17,0.02231516766188648,1641
2015-09-18,0.04199089768965303,1642
2015-09-21,0.038801423499063924,1644
2015-09-22,0.0461383704890921,1648
2015-09-23,0.04221569714047946,1641
2015-09-24,0.0631572208790916,1631
2015-09-25,0.07504407130362611,1627
2015-09-28,0.09906845490468663,1635
2015-09-29,0.09333670055278714,1631
2015-09-30,0.08506843165022127,1648
2015-10-01,0.08026999176660668,1645
2015-10-02,0.06429602479068436,1645
2015-10-05,0.056321390574152946,1648
2015-10-06,0.062447312493201894,1640
2015-10-07,0.056005250313399826,1634
2015-10-08,0.045369981302353535,1631
2015-10-09,0.05025752026923938,1637
2015-10-12,0.03805737208635997,1653
2015-10-13,0.04336914536028528,1654
2015-10-14,0.046673192220732136,1633
2015-10-15,0.019356073917080094,1628
2015-10-16,0.0013695671942218681,1625
2015-10-19,0.014641942899987102,1631
2015-10-20,0.019524767965116947,1630
2015-10-21,0.039135897524989444,1624
2015-10-22,0.021878918472165134,1578
2015-10-23,0.015369270619156331,1582
2015-10-26,0.013056213105101765,1582
2015-10-27,0.01882460829614657,1575
2015-10-28,0.00910814186956041,1587
2015-10-29,0.013663184718133811,1586
2015-10-30,0.010913526464917717,1580
2015-11-02,0.010192880710244358,1585
2015-11-03,-0.0010154047942960882,1593
2015-11-04,-0.014067293163354231,1571
2015-11-05,0.009146512034919566,1562
2015-11-06,-0.002327052780677261,1546
2015-11-09,0.0031441480280678512,1549
2015-11-10,-0.006527734776933185,1538
2015-11-11,-0.001893215385365013,1543
2015-11-12,-0.0078064137924368435,1539
2015-11-13,0.012291370929307209,1508
2015-11-16,0.00839611280348874,1464
2015-11-17,0.0254723361388235,1341
2015-11-18,-0.0033829252068241066,1351
2015-11-19,-0.02382838688541969,1191
2015-11-20,-0.021200459536440116,1118
2015-11-23,-0.008455512914110884,1120
2015-11-24,2.4735483936869432e-05,1105
2015-11-25,-0.002788361940398252,973
2015-11-27,-0.004983956823005549,925
2015-11-30,0.012148908006943302,936
2015-12-01,-0.005013375047690776,898
2015-12-02,-0.00726559178455389,804
2015-12-03,-0.011312360245564364,805
2015-12-04,-0.03099761821772861,861
2015-12-07,-0.036057253838439544,866
2015-12-08,-0.05506436163044862,858
2015-12-09,-0.05667605760231629,834
2015-12-10,-0.05386001917095078,822
2015-12-11,-0.02540665299754436,881
2015-12-14,-0.061005482611348714,849
2015-12-15,-0.05721712105890045,851
2015-12-16,-0.0977728944219041,859
2015-12-17,-0.08162521758964404,898
2015-12-18,-0.07302703101875956,973
2015-12-21,-0.07546637961488062,1001
2015-12-22,-0.0715435510311081,927
2015-12-23,-0.09407048604091976,947
2015-12-24,-0.08213451290437958,916
2015-12-28,-0.09287706110628537,929
2015-12-29,-0.09806738751502764,937
2015-12-30,-0.06706355825914496,894
2015-12-31,-0.05430423068989516,928
2016-01-04,-0.06062290876492675,969
2016-01-05,-0.057777478605401625,960
2016-01-06,-0.04248361723220978,977
2016-01-07,-0.04557170235692502,1059
2016-01-08,-0.04910603348521933,1061
2016-01-11,-0.052423255658821284,1068
2016-01-12,-0.06344808995285561,1077
2016-01-13,-0.0442832797445419,1160
2016-01-14,-0.039410227952144744,1173
2016-01-15,-0.00039770383883987875,1221
2016-01-19,0.016214001379299233,1215
2016-01-20,0.021255039692033524,1220
2016-01-21,0.015508675589186569,1206
2016-01-22,0.017852963293415857,1178
2016-01-25,0.018026156076718525,1188
2016-01-26,0.012375797863977715,1197
2016-01-27,0.03798287684397109,1202
2016-01-28,0.028361627973543205,1193
2016-01-29,-0.003535508191739787,1204
2016-02-01,0.0204856505385654,1199
2016-02-02,0.046716361098043176,1249
2016-02-03,0.04610560880420852,1213
2016-02-04,0.04603810409280415,1213
2016-02-05,0.07265010093707794,1189
2016-02-08,0.07890112804488356,1169
2016-02-09,0.0795474020516229,1172
2016-02-10,0.08039693469445391,1136
2016-02-11,0.10502100349437393,1110
2016-02-12,0.08660079314672306,1103
2016-02-16,0.06782259285659585,1139
2016-02-17,0.05551195864973764,1144
2016-02-18,0.07010367488544414,1143
2016-02-19,0.07660635672884815,1156
2016-02-22,0.061722271114385906,1183
2016-02-23,0.07294930503494983,1187
2016-02-24,0.061316941268067734,1201
2016-02-25,0.04853865912014054,1219
2016-02-26,0.052155156944101104,1207
2016-02-29,0.0687063906939511,1202
2016-03-01,0.04831449831082116,1239
2016-03-02,0.04236177866029604,1241
2016-03-03,0.04807761697813198,1202
2016-03-04,0.04178230195261726,1196
2016-03-07,0.03491216948970658,1187
2016-03-08,0.054679697751266576,1180
2016-03-09,0.03818602064025952,1175
2016-03-10,0.04069028506973832,1141
2016-03-11,0.022466779389841054,1152
2016-03-14,0.030148240382972553,1149
2016-03-15,0.04479461567768507,1119
2016-03-16,0.039368534901895916,1099
2016-03-17,0.030291673521044657,1053
2016-03-18,0.029054401343427107,1040
2016-03-21,0.028230985689467393,1027
2016-03-22,0.032943229550441724,1018
2016-03-23,0.035175049113369765,1014
2016-03-24,0.03998162976412961,1015
2016-03-28,0.03667888644843528,1001
2016-03-29,0.029166482803254283,1001
2016-03-30,0.02500069373173902,980
2016-03-31,0.018204661794180368,954
2016-04-01,0.0030036469759554367,963
2016-04-04,0.015250204836504896,948
2016-04-05,0.012638863177935741,883
2016-04-06,-0.004776323876884899,866
2016-04-07,0.006261861376591686,887
2016-04-08,0.009501091296757413,883
2016-04-11,0.011956012539781624,787
2016-04-12,0.016099802279269573,782
2016-04-13,-0.006142569738979191,712
2016-04-14,-0.00798110401424812,727
2016-04-15,-0.013057113332752196,712
2016-04-18,-0.009690358635668039,726
2016-04-19,-0.01991716817882104,724
2016-04-20,-0.018969469921047706,692
2016-04-21,-0.017018919488732596,692
2016-04-22,-0.016263215525844792,664
2016-04-25,-0.013791203052265881,712
2016-04-26,-0.00048023401308684363,663
2016-04-27,0.004854490308603052,649
2016-04-28,0.016632653042101594,599
2016-04-29,0.026865799590984403,624
2016-05-02,0.01539425268815433,652
2016-05-03,0.026192919855932292,578
2016-05-04,0.034523221986963455,599
2016-05-05,0.03441785863487867,612
2016-05-06,0.03452685842856034,635
2016-05-09,0.035840277977475424,652
2016-05-10,0.02585228025208925,642
2016-05-11,0.03381553306090629,639
2016-05-12,0.02504279410700075,590
2016-05-13,0.02435881833626327,603
2016-05-16,0.012676913159366752,627
2016-05-17,0.021342445558262077,629
2016-05-18,0.02252337934974451,586
2016-05-19,0.021909873428773735,581
2016-05-20,0.021010069613656656,564
2016-05-23,0.02497872064531823,569
2016-05-24,0.003975911564336834,584
2016-05-25,0.01125995291697044,464
2016-05-26,-0.02762171873557912,467
2016-05-27,-0.04714314686908409,472
2016-05-31,-0.025831862940890505,485
2016-06-01,-0.009757639652707567,501
2016-06-02,-0.0010393433068393333,481
2016-06-03,0.0032766961757023476,488
2016-06-06,-0.007924911150927447,483
2016-06-07,-0.003857988495021453,441
2016-06-08,-0.004855044521069007,439
2016-06-09,0.012669354062962386,433
2016-06-10,0.026194290343019462,462
2016-06-13,0.03993317426755079,464
2016-06-14,0.04231208559669083,460
2016-06-15,0.04928260508489503,463
2016-06-16,0.0426286507936339,463
2016-06-17,0.05005015549475304,459
2016-06-20,0.04114767734067156,471
2016-06-21,0.04228334870638515,472
2016-06-22,0.043174105146793124,447
2016-06-23,0.03540676819117876,485
2016-06-24,0.07330628851431506,763
2016-06-27,0.08960943308985483,754
2016-06-28,0.06921565973595685,831
2016-06-29,0.05435316669350719,882
2016-06-30,0.0440302606186968,885
2016-07-01,0.04119441442089522,856
2016-07-05,0.03979144384099062,857
2016-07-06,0.03665200318263784,862
2016-07-07,0.036269381685594224,845
2016-07-08,0.031961874332943875,892
2016-07-11,0.0269444709194932,894
2016-07-12,0.020446846804107004,885
2016-07-13,0.017803151671528815,875
2016-07-14,0.01698682985340496,919
2016-07-15,0.018193757770191936,961
2016-07-18,0.016711929615237344,963
2016-07-19,0.01565634000584504,986
2016-07-20,0.012244857815048037,990
2016-07-21,0.019636824458982335,1005
2016-07-22,0.015867887924674525,1009
2016-07-25,0.014546342780422461,1021
2016-07-26,0.015604552477111448,1017
2016-07-27,0.010960144055469094,953
2016-07-28,0.008927586581325215,960
2016-07-29,0.008766652902283609,945
2016-08-01,0.01278056248559267,924
2016-08-02,0.018075210108165762,936
2016-08-03,0.014863128676754636,929
2016-08-04,0.011632885629257145,892
2016-08-05,0.0028550471248842842,859
2016-08-08,0.006926969129869438,863
2016-08-09,0.0029923263106601873,876
2016-08-10,0.0011004708207333815,867
2016-08-11,-0.02779427071126879,850
2016-08-12,-0.013624858281861298,857
2016-08-15,-0.031095976913622224,869
2016-08-16,-0.024288305046898055,894
2016-08-17,-0.01486178161103027,867
2016-08-18,-0.02046982158327664,823
2016-08-19,-0.022813059214922077,795
2016-08-22,-0.020846683915073886,794
2016-08-23,-0.013056903415247125,788
2016-08-24,-0.0022584502718076566,792
2016-08-25,-0.007665907008767525,792
2016-08-26,-0.01666595259144919,802
2016-08-29,-0.012163663343723676,818
2016-08-30,-0.006237631998755687,832
2016-08-31,-0.013387671175371447,834
2016-09-01,-0.00200799517833607,830
2016-09-02,-0.006063565665549716,830
2016-09-06,-0.011932658521909828,815
2016-09-07,-0.005533869532926519,807
2016-09-08,-0.002548148044328217,813
2016-09-09,0.017961937828550538,970
2016-09-12,0.008223290587622178,1006
2016-09-13,0.010461163829524129,1068
2016-09-14,0.009018847295151596,1057
2016-09-15,-0.005115592082096247,1082
2016-09-16,0.0006887941435344234,1078
2016-09-19,-0.003171571384511714,1039
2016-09-20,0.004740204937933704,743
2016-09-21,-0.002177803955404499,709
2016-09-22,-0.007789511147392805,599
2016-09-23,-0.0019417287236026134,534
2016-09-26,0.016774512070427603,561
2016-09-27,0.006693807710968676,595
2016-09-28,0.002004850282672741,593
2016-09-29,0.008545851478148346,608
2016-09-30,-0.006196059409549101,647
2016-10-03,-0.006657070187342828,556
2016-10-04,-0.010500844451901716,563
2016-10-05,-0.020148873618771403,561
2016-10-06,-0.022923741055217224,559
2016-10-07,-0.022173239259002088,533
2016-10-10,-0.0035311086084794385,534
2016-10-11,0.012951103701636043,580
2016-10-12,0.02461393236427482,594
2016-10-13,0.026609403781977965,618
2016-10-14,0.030021231754912947,625
2016-10-17,0.03146561083505623,626
2016-10-18,0.028121836550503543,608
2016-10-19,0.026113582750881468,654
2016-10-20,0.032720581484128264,624
2016-10-21,0.031198274258247352,608
2016-10-24,0.02772917446265959,633
2016-10-25,0.032495448627505294,629
2016-10-26,0.03693373131269884,598
2016-10-27,0.04304609218085794,593
2016-10-28,0.042405980203949784,530
2016-10-31,0.046812291920075064,518
2016-11-01,0.04885482364242097,534
2016-11-02,0.04862141928214505,527
2016-11-03,0.05376083717355791,519
2016-11-04,0.06389219846516138,503
2016-11-07,0.04514606627217794,657
2016-11-08,0.056079850020382384,658
2016-11-09,0.04520357177261689,620
2016-11-10,0.052157922573829556,566
2016-11-11,0.04591239444319046,528
2016-11-14,0.05592102288701565,533
2016-11-15,0.044659602331797374,525
2016-11-16,0.047557557597597326,524
2016-11-17,0.03764158124716939,491
2016-11-18,0.041756355352842396,488
2016-11-21,0.04139469064155479,484
2016-11-22,0.03618465898842744,472
2016-11-23,0.031244199639554188,457
2016-11-25,0.02842901566922209,458
2016-11-28,0.037963101264264575,466
2016-11-29,0.026504524772918984,462
2016-11-30,0.030888772743384245,472
2016-12-01,0.03137099927254527,452
2016-12-02,0.03858592013252284,441
2016-12-05,0.03732134187930593,356
2016-12-06,0.03234556768918642,324
2016-12-07,0.022538002468592788,337
2016-12-08,0.020255390178514347,329
2016-12-09,0.014596229635068573,311
2016-12-12,0.016642232385802286,305
2016-12-13,0.006495109796363764,309
2016-12-14,0.01449168122969295,316
2016-12-15,0.003882252442305483,301
2016-12-16,0.01043471674324345,295
2016-12-19,0.006380077305933072,292
2016-12-20,0.005170727253060874,282
2016-12-21,0.0049446705751478425,280
2016-12-22,0.013479495150331465,286
2016-12-23,0.019733534640174463,278
2016-12-27,0.01592949810916736,268
2016-12-28,0.02591721055270402,277
2016-12-29,0.021779436423561775,277
2016-12-30,0.024099737251475722,288
2017-01-03,0.018896145471596987,290
2017-01-04,0.013452045883845343,295
2017-01-05,0.02272907151339714,295
2017-01-06,0.018012706966000082,280
2017-01-09,0.019869145804321656,277
2017-01-10,0.02044052083592056,278
2017-01-11,0.02331871158848484,276
2017-01-12,0.029215698506024488,271
2017-01-13,0.03141284752999259,283
2017-01-17,0.04216195284113454,284
2017-01-18,0.04492278854621951,297
2017-01-19,0.045038377720003485,298
2017-01-20,0.04392512011362693,291
2017-01-23,0.05339149375311883,286
2017-01-24,0.046096125033871525,295
2017-01-25,0.03562216749317566,290
2017-01-26,0.038124612337500016,296
2017-01-27,0.03890797590856143,293
2017-01-30,0.0406565180180567,281
2017-01-31,0.05845204663755003,264
2017-02-01,0.04905829915809722,266
2017-02-02,0.047950517533584265,262
2017-02-03,0.03694926435590003,214
2017-02-06,0.034601825577657584,215
2017-02-07,0.03198126500902567,191
2017-02-08,0.03211719399437896,148
2017-02-09,0.032067561355309394,154
2017-02-10,0.030408935505567065,143
2017-02-13,0.023718380121090323,147
2017-02-14,0.026521139271302747,158
2017-02-15,0.02022055146941454,158
2017-02-16,0.020221532199429237,164
2017-02-17,0.017003566618057405,163
2017-02-21,-0.0030315208301473495,170
2017-02-22,-0.0012777065728501165,178
2017-02-23,0.00015792982081039666,176
2017-02-24,-0.0023610982849458432,160
2017-02-27,-0.00545224492798565,160
2017-02-28,0.00380855621359244,154
2017-03-01,-0.009962200258314112,193
2017-03-02,0.00032427846726533873,202
2017-03-03,-0.0013825364898693224,196
2017-03-06,0.000777629790787066,199
2017-03-07,0.0026497990210254145,159
2017-03-08,0.0007848860775023065,160
2017-03-09,0.0015100436131031474,165
2017-03-10,-0.002903749216570325,170
2017-03-13,-0.004253817241713587,168
2017-03-14,-0.004486143648911697,167
2017-03-15,-0.01697763965112062,176
2017-03-16,-0.023036763763560928,164
2017-03-17,-0.012161279842502261,151
2017-03-20,-0.014002321932729999,149
2017-03-21,-0.0019632512390710295,193
2017-03-22,0.004716486193732283,192
2017-03-23,0.004048378803230629,190
2017-03-24,0.01539822029315967,190
2017-03-27,0.026230174096407148,166
2017-03-28,0.020048560239693196,174
2017-03-29,0.022696189048236535,175
2017-03-30,0.016789770308394902,167
2017-03-31,0.021873722541456028,176
2017-04-03,0.018078997456401853,180
2017-04-04,0.01764407969043579,173
2017-04-05,0.020362332490648644,168
2017-04-06,0.023101157002014407,171
2017-04-07,0.022538629786905035,171
2017-04-10,0.022912632418673133,172
2017-04-11,0.02894625695894295,169
2017-04-12,0.033574917922386885,173
2017-04-13,0.040802913761162185,183
2017-04-17,0.03617624656596168,206
2017-04-18,0.04007453269342857,209
2017-04-19,0.019302895361991246,230
2017-04-20,0.0158654063393969,241
2017-04-21,0.025300132923356797,221
2017-04-24,0.01798648988531742,266
2017-04-25,0.010480178498366341,284
2017-04-26,0.014836683530987705,271
2017-04-27,0.017878427884902952,264
2017-04-28,0.02160928645719652,269
2017-05-01,0.018458771742556564,276
2017-05-02,0.02148844713188319,275
2017-05-03,0.027405637154998674,258
2017-05-04,0.03309178403453116,257
2017-05-05,0.03061474353331506,271
2017-05-08,0.029498937373591817,269
2017-05-09,0.03144516840104652,264
2017-05-10,0.028771732366776874,249
2017-05-11,0.024560487423980936,243
2017-05-12,0.022195708479690133,226
2017-05-15,0.021451405444889646,234
2017-05-16,0.019302268341186837,234
2017-05-17,0.038643933234283265,388
2017-05-18,0.03248251454264055,367
2017-05-19,0.034369770210102034,365
2017-05-22,0.02565912083502921,369
2017-05-23,0.025856160395050808,368
2017-05-24,0.022408609299302263,356
2017-05-25,0.01667960089580957,306
2017-05-26,0.014555507138163766,298
2017-05-30,0.004052035403832876,301
2017-05-31,0.014241353029368523,294
2017-06-01,-0.002533604080639436,290
2017-06-02,-0.005267522383997473,287
2017-06-05,-0.007136197988500999,287
2017-06-06,-0.002837203196813447,287
2017-06-07,-0.013488034325899791,285
2017-06-08,-0.008193826853666836,278
2017-06-09,-0.0004360835596068221,240
2017-06-12,0.001611967238848773,255
2017-06-13,0.0046498256219385066,266
2017-06-14,0.005022682196985107,248
2017-06-15,0.012995839010016205,216
2017-06-16,0.013254642463100109,217
2017-06-19,0.006731227293904177,228
2017-06-20,0.016626276083762593,232
2017-06-21,0.013641195723547472,230
2017-06-22,0.012596846763758931,210
2017-06-23,0.01232216272006592,198
2017-06-26,0.017687918888725028,201
2017-06-27,0.028561914939873752,213
2017-06-28,0.01563083351884253,221
2017-06-29,0.025988779719443748,237
2017-06-30,0.02302892143412758,232
2017-07-03,0.027507672854118016,230
2017-07-05,0.02609985162679807,231
2017-07-06,0.03488046776886846,243
2017-07-07,0.02986453567829387,244
2017-07-10,0.029667615906056852,234
2017-07-11,0.02682105595198629,227
2017-07-12,0.01962600527123064,226
2017-07-13,0.004053587774038763,227
2017-07-14,0.0003517727555346006,227
2017-07-17,0.013500690788876104,223
2017-07-18,0.010249385983215077,230
2017-07-19,0.006979734543872924,215
2017-07-20,-0.008411297025419939,215
2017-07-21,-0.01158351834435473,225
2017-07-24,-0.010695044561820225,240
2017-07-25,-0.004084090398959276,246
2017-07-26,-0.007826291352251047,233
2017-07-27,-0.006152851180255579,233
2017-07-28,-0.0046270297440778015,227
2017-07-31,-0.0034353951473682933,228
2017-08-01,-0.0056014530286312945,225
2017-08-02,-1.9367726488832802e-05,222
2017-08-03,0.005605474303506116,220
2017-08-04,0.005992304845595889,228
2017-08-07,-0.003875203834983776,229
2017-08-08,0.0017784121375538906,229
2017-08-09,0.0017792205120043762,227
2017-08-10,0.013758137311336821,251
2017-08-11,0.024701704290530015,216
2017-08-14,0.016118323856343954,245
2017-08-15,0.016896699004689507,242
2017-08-16,0.015260282704485258,236
2017-08-17,0.0331919415254028,273
2017-08-18,0.04005833313628783,274
2017-08-21,0.04278828271409503,275
2017-08-22,0.032202446860744506,286
2017-08-23,0.03287390043064336,295
2017-08-24,0.03419722299156779,292
2017-08-25,0.026500715053401874,295
2017-08-28,0.025407501139216446,296
2017-08-29,0.027246043814475897,300
2017-08-30,0.021658985976010528,295
2017-08-31,0.018126624697452798,304
2017-09-01,0.01895957281345353,303
2017-09-05,0.03041987791759298,321
2017-09-06,0.028318347066898647,319
2017-09-07,0.03368189131137807,314
2017-09-08,0.03695483288671977,311
2017-09-11,0.023026970967311922,333
2017-09-12,0.023276947757396575,338
2017-09-13,0.025544108106046494,324
2017-09-14,0.02357399425250791,322
2017-09-15,0.023074938537121756,327
2017-09-18,0.02075186741646787,329
2017-09-19,0.017705053130318185,325
2017-09-20,0.01794104913412144,320
2017-09-21,0.023615846595197505,286
2017-09-22,0.028097587641823407,274
2017-09-25,0.03235875313940215,236
2017-09-26,0.03579622107037491,237
2017-09-27,0.026500404682417076,240
2017-09-28,0.028369601316246017,240
2017-09-29,0.03171147015254734,229
2017-10-02,0.020813188718846565,211
2017-10-03,0.016348491787611868,206
2017-10-04,0.01709495113104951,207
2017-10-05,0.009243520524582636,204
2017-10-06,0.01705453058207538,211
2017-10-09,0.017836898008207893,208
2017-10-10,0.015964690932032587,205
2017-10-11,0.015245217870436933,213
2017-10-12,0.010114557141377802,205
2017-10-13,0.01050324024909199,211
2017-10-16,0.010385669654710068,209
2017-10-17,0.008126539665565716,219
2017-10-18,0.0023239292915069546,228
2017-10-19,0.010470174169882017,220
2017-10-20,0.003969150474541938,210
2017-10-23,0.008613528447978611,209
2017-10-24,0.011674204077011708,211
2017-10-25,0.017062444537943967,200
2017-10-26,0.016984496958773514,208
2017-10-27,0.012496305736936896,190
2017-10-30,0.02874434904804392,180
2017-10-31,0.026362220623555303,176
2017-11-01,0.03360401629270106,174
2017-11-02,0.033661469240309334,167
2017-11-03,0.02246317068238009,124
2017-11-06,0.020716107450805925,122
2017-11-07,0.019715165086586217,101
2017-11-08,0.02033566081450753,104
2017-11-09,0.03123222112082727,109
2017-11-10,0.03484266520787733,83
2017-11-13,0.03637821503161213,84
2017-11-14,0.04061260191020405,84
2017-11-15,0.0415094765889428,80
2017-11-16,0.03936748839479928,84
2017-11-17,0.046863109933307986,87
2017-11-20,0.04133312262307216,88
2017-11-21,0.03330438475905251,90
2017-11-22,0.03590684067303562,87
2017-11-24,0.03145372566846063,82
2017-11-27,0.028827567539052273,82
2017-11-28,0.0217506395279985,86
2017-11-29,0.026834567150985682,97
2017-11-30,0.011870907820730053,100
2017-12-01,0.024838429577179445,101
2017-12-04,0.03604336012436174,122
2017-12-05,0.044489791322022014,122
2017-12-06,0.05102693626686606,128
2017-12-07,0.050904157097665,128
2017-12-08,0.04872329304379236,129
2017-12-11,0.0440749155742787,135
2017-12-12,0.04802712916161443,140
2017-12-13,0.05265257904279983,141
2017-12-14,0.054874193484098915,145
2017-12-15,0.05441248255757141,152
2017-12-18,0.048587683834263366,154
2017-12-19,0.05827677783563664,148
2017-12-20,0.06741418587199356,147
2017-12-21,0.06807677935425065,144
2017-12-22,0.06817304927906778,148
2017-12-26,0.06864469171039218,151
2017-12-27,0.0819788821974152,153
2017-12-28,0.07528179457660701,154
2017-12-29,0.06925175614736002,155
2018-01-02,0.059428478378345646,155
2018-01-03,0.048477010129906975,161
2018-01-04,0.021613971288599168,157
2018-01-05,-0.030729024809975143,157
2018-01-08,-0.013805493581038091,156
2018-01-09,-0.019168164574877494,151
2018-01-10,-0.060243946466665504,152
2018-01-11,-0.05059035361122334,153
2018-01-12,-0.04389897104207361,155
2018-01-16,-0.03884924428380411,166
2018-01-17,-0.03430331670661027,173
2018-01-18,-0.019383644144969882,171
2018-01-19,-0.025419888137831546,167
2018-01-22,-0.0398108945850822,166
2018-01-23,-0.04906243188743414,161
2018-01-24,-0.04603319532511246,163
2018-01-25,-0.02976451585958917,162
2018-01-26,-0.030410936845215578,159
2018-01-29,-0.04050395422953206,161
2018-01-30,-0.042153314357330204,194
2018-01-31,-0.055512812846973014,184
2018-02-01,-0.04764632352614472,182
2018-02-02,-0.01723782305565293,258
2018-02-05,0.03064515113629071,679
2018-02-06,0.010915895356100382,733
2018-02-07,0.018570662888367277,718
2018-02-08,0.07555528395140568,985
2018-02-09,0.05816686163055614,1005
2018-02-12,0.03766430394245392,1025
2018-02-13,0.028260389381849646,1028
2018-02-14,0.016728824692788594,1052
2018-02-15,0.0032977045342855948,1067
2018-02-16,-0.012781488809244497,1059
2018-02-20,-0.005575385907688965,1036
2018-02-21,-0.0010655533423069834,1052
2018-02-22,-0.029815882858147437,1038
2018-02-23,-0.06646693248043613,1066
2018-02-26,-0.05425393991136302,1104
2018-02-27,-0.05978394759640967,1183
2018-02-28,-0.04976279992532893,1196
2018-03-01,-0.023769103477930882,1201
2018-03-02,-0.051978237846144124,1266
2018-03-05,-0.04832028437259346,1273
2018-03-06,-0.03818545015808445,1277
2018-03-07,-0.029842613002950633,1275
2018-03-08,-0.056719623210420234,1272
2018-03-09,-0.0709788372460748,1283
2018-03-12,-0.05118363159423015,1284
2018-03-13,-0.05025324666836207,1282
2018-03-14,-0.035333457361490725,1288
2018-03-15,-0.03882814686380685,1288
2018-03-16,-0.032992648417926276,1286
2018-03-19,-0.00479242584613236,1324
2018-03-20,-0.005142961938308488,1302
2018-03-21,-0.00938915629682573,1297
2018-03-22,0.009336798530945595,1351
2018-03-23,0.029178216902914878,1377
2018-03-26,-0.011035843159925254,1411
2018-03-27,0.008201473643962846,1395
2018-03-28,0.027393203051023836,1361
2018-03-29,0.01493326913483287,1366
2018-04-02,0.030620766545520012,1415
2018-04-03,0.01860097712249899,1424
2018-04-04,-0.0031769465008744885,1432
2018-04-05,-0.013961721673543866,1439
2018-04-06,0.022708192054278827,1460
2018-04-09,0.025573565431067494,1461
2018-04-10,0.007419027116563412,1482
2018-04-11,0.02222321007224212,1486
2018-04-12,0.023393740271682333,1497
2018-04-13,0.028139473737608067,1496
2018-04-16,0.02280278582809378,1502
2018-04-17,0.0031487091453184695,1515
2018-04-18,0.008837013009080722,1512
2018-04-19,0.012609012428691129,1496
2018-04-20,0.02063393763725481,1493
2018-04-23,0.029631336083319176,1497
2018-04-24,0.03982773161144533,1493
2018-04-25,0.046715670155385136,1479
2018-04-26,0.029887863242332093,1470
2018-04-27,0.027015592762271702,1480
2018-04-30,0.022853012202983747,1480
2018-05-01,0.03516952768868104,1441
2018-05-02,0.035975786354897635,1247
2018-05-03,0.04982985498531717,1267
2018-05-04,0.04153914889661245,1301
2018-05-07,0.035632323942061235,1108
2018-05-08,0.0474220342244123,1095
2018-05-09,0.03774452541471772,1073
2018-05-10,0.030472425141220522,1086
2018-05-11,0.029259825923543894,1080
2018-05-14,0.03044497502651758,1063
2018-05-15,0.03606424369582924,1063
2018-05-16,0.03390414860456901,1085
2018-05-17,0.0358893664280787,1077
2018-05-18,0.033752121954932594,1075
2018-05-21,0.020537241528322734,1053
2018-05-22,0.023191674861874373,1032
2018-05-23,0.009625543631923526,997
2018-05-24,0.011912368193040836,960
2018-05-25,-0.0009453266374129608,951
2018-05-29,0.014316986966632642,944
2018-05-30,-0.008171678053940944,974
2018-05-31,0.006703319876871739,989
2018-06-01,-0.0026303945075058666,1009
2018-06-04,-0.005369351050667357,1010
2018-06-05,-0.012264242832744056,985
2018-06-06,-0.014645497239083101,1009
2018-06-07,-0.0050980627712003,994
2018-06-08,0.00195695071539506,983
2018-06-11,0.006026303752064541,983
2018-06-12,-0.0033855144739024824,997
2018-06-13,0.005694661353394556,967
2018-06-14,0.002184989317070356,988
2018-06-15,0.0032679751854103214,982
2018-06-18,0.009541036685540943,867
2018-06-19,0.01677210112248269,807
2018-06-20,0.013416418363600148,648
2018-06-21,0.020312817294586834,591
2018-06-22,0.020483624892808243,595
2018-06-25,0.038849524561576206,579
2018-06-26,0.04619131898590841,490
2018-06-27,0.05610120376920404,492
2018-06-28,0.04401533811895221,467
2018-06-29,0.03566323411106402,455
2018-07-02,0.0371526492482903,344
2018-07-03,0.04282749467829788,358
2018-07-05,0.04012601380284388,314
2018-07-06,0.03590906830804386,315
2018-07-09,0.031057867627533212,313
2018-07-10,0.030173371748463743,323
2018-07-11,0.03566243613376568,325
2018-07-12,0.02542329127402037,322
2018-07-13,0.01848344633005168,328
2018-07-16,0.015028814331058389,326
2018-07-17,0.016104145021780075,315
2018-07-18,0.007488330161597685,301
2018-07-19,0.02081948074858673,277
2018-07-20,0.0214861248797765,277
2018-07-23,0.022824638050050285,279
2018-07-24,0.023375027655256127,285
2018-07-25,0.013769689213534412,286
2018-07-26,0.012650994514863114,269
2018-07-27,0.025595409168829415,265
2018-07-30,0.04067059823770274,257
2018-07-31,0.03602390960495493,245
2018-08-01,0.04213563286714601,220
2018-08-02,0.03041852895448994,223
2018-08-03,0.02608673737922595,219
2018-08-06,0.02024728655121885,200
2018-08-07,0.013193747807103983,199
2018-08-08,0.0127714492408092,187
2018-08-09,0.015266059985062742,185
2018-08-10,0.03016410139082104,189
2018-08-13,0.03460569074229208,194
2018-08-14,0.03292635967293497,201
2018-08-15,0.04426700969238946,201
2018-08-16,0.036352948933479755,204
2018-08-17,0.03115798701309065,213
2018-08-20,0.03392005651403562,216
2018-08-21,0.03240758854074502,215
2018-08-22,0.039117964165618455,188
2018-08-23,0.03965570744062496,180
2018-08-24,0.02769557421490504,173
2018-08-27,0.01861068401131191,170
2018-08-28,0.016216796125210303,165
2018-08-29,0.01583446967290076,168
2018-08-30,0.01584944560140203,161
2018-08-31,0.024701682971051235,165
2018-09-04,0.023424854498639038,161
2018-09-05,0.02534661020021447,155
2018-09-06,0.01863346035996754,157
2018-09-07,0.011528889305351672,158
2018-09-10,0.0027006991027828707,158
2018-09-11,0.002392893631758519,154
2018-09-12,-0.03538468477680684,150
2018-09-13,-0.059412883505788834,144
2018-09-14,-0.043540782221523286,154
2018-09-17,-0.04522244756673864,150
2018-09-18,-0.025569884590565084,152
2018-09-19,-0.027297986427012397,133
2018-09-20,-0.04935535408482885,144
2018-09-21,-0.05095967736667443,131
2018-09-24,-0.049489613573946774,130
2018-09-25,-0.05215087184750974,131
2018-09-26,-0.0829647599805581,128
2018-09-27,-0.06972105086125975,119
2018-09-28,-0.08418684787719036,118
2018-10-01,-0.0997445693661734,115
2018-10-02,-0.08433388407031137,108
2018-10-03,-0.07183810046028702,105
2018-10-04,-0.053140479001412985,115
2018-10-05,-0.048901102835330404,115
2018-10-08,-0.041454216304352684,123
2018-10-09,-0.0365438028720983,120
2018-10-10,0.01978709234079352,254
2018-10-11,0.03583857566925497,324
2018-10-12,0.009159122169490127,360
2018-10-15,-0.008014769989754134,361
2018-10-16,-0.030681085968440464,459
2018-10-17,-0.037485912012184396,445
2018-10-18,-0.011974552597433297,479
2018-10-19,-0.01255103839952111,489
2018-10-22,-0.029977083927836427,474
2018-10-23,-0.04425388865969904,486
2018-10-24,-0.01009798303634063,730
2018-10-25,-0.03369204264739442,786
2018-10-26,0.0015574515716176365,830
2018-10-29,0.013277442038197404,787
2018-10-30,0.025579881881113986,807
2018-10-31,0.012924523981405518,792
2018-11-01,0.013401852570434606,807
2018-11-02,0.027937658027940536,765
2018-11-05,-0.012956102624064905,755
2018-11-06,-0.01751745599039947,761
2018-11-07,-0.06545547831367998,819
2018-11-08,-0.05712098933767308,796
2018-11-09,-0.047839486356104244,801
2018-11-12,-0.017762511726698453,861
2018-11-13,-0.01731232411442818,854
2018-11-14,-0.03215472100871527,860
2018-11-15,-0.06363030495964132,864
2018-11-16,-0.060215567557817554,852
2018-11-19,-0.05556914363401679,828
2018-11-20,-0.05335498497150074,853
2018-11-21,-0.07522518219199761,838
2018-11-23,-0.09646392974465598,821
2018-11-26,-0.061745240009330904,839
2018-11-27,-0.05872817971950843,833
2018-11-28,-0.08329640459012687,921
2018-11-29,-0.07332759987970984,926
2018-11-30,-0.08235451223718482,935
2018-12-03,-0.11911770069526717,933
2018-12-04,-0.04864637386494638,1020
2018-12-06,-0.03979146620694924,1008
2018-12-07,-0.005860327796005059,1057
2018-12-10,-0.008950740421994738,1055
2018-12-11,-0.003008158118383903,1050
2018-12-12,-0.006917754615477955,1049
2018-12-13,-0.015116246466051576,1060
2018-12-14,0.013604349673034723,1067
2018-12-17,0.03545716397666516,1079
2018-12-18,0.04089215931538248,1063
2018-12-19,0.06697417679462594,1086
2018-12-20,0.0686150652946668,1080
2018-12-21,0.09062979804756557,1074
2018-12-24,0.11913453786476211,1111
2018-12-26,0.07618665909079783,1255
2018-12-27,0.053747260243956915,1265
2018-12-28,0.050467176113663026,1270
2018-12-31,0.05803773944672874,1281
2019-01-02,0.06810262591399824,1274
2019-01-03,0.09571942377825446,1286
2019-01-04,0.06597328825452943,1337
2019-01-07,0.05930313067803704,1338
2019-01-08,0.05081290940674871,1313
2019-01-09,0.038465803427588395,1279
2019-01-10,0.03539447385061561,1275
2019-01-11,0.03363718632654692,1274
2019-01-14,0.05137887350467257,1247
2019-01-15,0.045823966421676667,1250
2019-01-16,0.041681090668125885,1242
2019-01-17,0.045996945514484446,1259
2019-01-18,0.03595638470650832,1268
2019-01-22,0.05228416426022945,1295
2019-01-23,0.04811274634881118,1290
2019-01-24,0.054729042035066656,1280
2019-01-25,0.04928111462637191,1259
2019-01-28,0.06325617752182561,1291
2019-01-29,0.06549402631476367,1276
2019-01-30,0.04643934547199461,1310
2019-01-31,0.039206108096315556,1299
2019-02-01,0.03224885498681015,1321
2019-02-04,0.02426730269953008,1328
2019-02-05,0.013562270556292264,1314
2019-02-06,0.007575568503660831,1305
2019-02-07,0.017711332233789595,1313
2019-02-08,0.03155441556666346,1310
2019-02-11,0.033616956136929124,1290
2019-02-12,0.029173388235091496,1306
2019-02-13,0.026629234175417946,1316
2019-02-14,0.033749089964727814,1287
2019-02-15,0.025796667060754033,1304
2019-02-19,0.02752773450717576,1322
2019-02-20,0.02201304982446012,1310
2019-02-21,0.03620302410964125,1305
2019-02-22,0.009541752060410878,1314
2019-02-25,0.005592211447476656,1305
2019-02-26,0.013932956124650552,1315
2019-02-27,0.008352609345067125,1281
2019-02-28,0.014039682408252145,1275
2019-03-01,0.017169644385005824,1278
2019-03-04,0.03459123107190639,1296
2019-03-05,0.0369421081143098,1212
2019-03-06,0.04820113730828042,1230
2019-03-07,0.054723670677144565,1186
2019-03-08,0.058647207356428546,1204
2019-03-11,0.04272031617484066,1228
2019-03-12,0.03337032663136186,1245
2019-03-13,0.02818427233232683,1254
2019-03-14,0.027322201554123637,1234
2019-03-15,0.02880508878676737,1184
2019-03-18,0.024945975326113493,1193
2019-03-19,0.02778931671578852,1150
2019-03-20,0.030801045980953463,1117
2019-03-21,0.02229076475625746,1088
2019-03-22,0.04268898478889514,989
2019-03-25,0.05223186245403706,641
2019-03-26,0.04133072185947045,625
2019-03-27,0.04517095017240286,642
2019-03-28,0.04588439301503935,632
2019-03-29,0.040828315682572294,663
2019-04-01,0.03197339220667719,542
2019-04-02,0.022708599503319868,334
2019-04-03,0.019205177846850677,319
2019-04-04,0.029485101731483873,324
2019-04-05,0.02064443501336707,332
2019-04-08,0.0028184442896221074,340
2019-04-09,0.007689848712327308,355
2019-04-10,0.0030781047198841956,352
2019-04-11,0.010000496330532814,366
2019-04-12,-0.021433580893902838,375
2019-04-15,-0.01132207654569831,376
2019-04-16,-0.011316599988449028,345
2019-04-17,-0.002674561395292714,302
2019-04-18,-0.013149015901153437,292
2019-04-22,-0.021206887951660754,288
2019-04-23,-0.02197598925996944,290
2019-04-24,-0.02517254582809798,280
2019-04-25,-0.0356937279886031,261
2019-04-26,-0.03892898577341299,222
2019-04-29,-0.049755920184984176,220
2019-04-30,-0.05971650479405863,227
2019-05-01,-0.04915150271991748,251
2019-05-02,-0.06477071519774058,244
2019-05-03,-0.07669995200803595,258
2019-05-06,-0.046868872778936234,238
2019-05-07,-0.021491951759657617,307
2019-05-08,-0.011378389651261292,308
2019-05-09,0.0006512030744682314,281
2019-05-10,-0.0009357608060613165,281
2019-05-13,0.025210184900030637,431
2019-05-14,0.012133290841597177,427
2019-05-15,0.010958224892425046,437
2019-05-16,-0.0002115080025089605,445
2019-05-17,0.008662088314032462,451
2019-05-20,0.027194803409868365,447
2019-05-21,0.02312038683616341,462
2019-05-22,0.03923223809960229,444
2019-05-23,0.05021624240738898,475
2019-05-24,0.04793401955975501,462
2019-05-28,0.044393940255882905,458
2019-05-29,0.05175597542175395,470
2019-05-30,0.055374759831786996,465
2019-05-31,0.0756309582599752,510
2019-06-03,0.08651167911751897,450
2019-06-04,0.0654693603567797,571
2019-06-05,0.06499944443309552,539
2019-06-06,0.05401020073338534,547
2019-06-07,0.038778540714122456,541
2019-06-10,0.03608468719743953,541
2019-06-11,0.040351987702973345,560
2019-06-12,0.04666242641562794,545
2019-06-13,0.04913143262933888,550
2019-06-14,0.053610516382992926,570
2019-06-17,0.048264482456515205,561
2019-06-18,0.029702317807572258,487
2019-06-19,0.02963208486044038,482
2019-06-20,0.012781473633254836,470
2019-06-21,0.015920618493761474,467
2019-06-24,0.024115461720442002,452
2019-06-25,0.0422815161962479,454
2019-06-26,0.03557707099521174,421
2019-06-27,0.039951876444421004,427
2019-06-28,0.03295993484623363,438
2019-07-01,0.02014344206209382,453
2019-07-02,0.001783468737886311,451
2019-07-03,-0.017469535669270363,457
2019-07-05,-0.021322526585188184,449
2019-07-08,-0.04604379834873264,456
2019-07-09,-0.035541178680466814,458
2019-07-10,-0.04120690348984408,468
2019-07-11,-0.024132524115208734,469
2019-07-12,-0.035335938910941396,479
2019-07-15,-0.05039735461757264,501
2019-07-16,-0.03192963566375105,532
2019-07-17,-0.05378801680947283,530
2019-07-18,-0.057847834366085045,511
2019-07-19,-0.03452319885291413,527
2019-07-22,-0.024652204339018182,545
2019-07-23,-0.03979810845763757,558
2019-07-24,-0.03641849506333447,532
2019-07-25,-0.03085889997457564,530
2019-07-26,-0.06766555874534758,520
2019-07-29,-0.0539874997266014,516
2019-07-30,-0.05362480978707814,498
2019-07-31,-0.03173574500871568,533
2019-08-01,-0.0057323390867993936,480
2019-08-02,0.0016551924451625333,484
2019-08-05,0.023038746136251242,651
2019-08-06,0.021238762944441044,668
2019-08-07,0.035584986551907824,539
2019-08-08,0.015155015383921508,597
2019-08-09,0.02027931990070263,591
2019-08-12,0.03304938305894811,616
2019-08-13,0.025823146881523203,651
2019-08-14,0.057302464521643046,813
2019-08-15,0.058123121380723876,765
2019-08-16,0.03622976286015374,830
2019-08-19,0.02726188823929308,840
2019-08-20,0.035055891573285404,846
2019-08-21,0.02468586399110526,844
2019-08-22,0.019318395444638693,839
2019-08-23,0.04681828459170461,941
2019-08-26,0.023486397059740146,935
2019-08-27,0.034006580408933805,964
2019-08-28,0.025982443634994457,902
2019-08-29,0.007554101921403791,918
2019-08-30,0.011345633466102175,922
2019-09-03,0.007886438994662067,916
2019-09-04,-0.020359946507418243,940
2019-09-05,-0.025234792946165742,950
2019-09-06,-0.010784443553983255,954
2019-09-09,-0.013639941032663746,940
2019-09-10,-0.02969517913489255,901
2019-09-11,-0.027400623093361845,896
2019-09-12,-0.02235107854580578,895
2019-09-13,-0.01013756174929235,906
2019-09-16,-0.004761191962385225,900
2019-09-17,0.003091556607249916,905
2019-09-18,0.0018108410944166142,907
2019-09-19,0.0065784536415774645,918
2019-09-20,0.006375079330808841,936
2019-09-23,0.013485409508620755,930
2019-09-24,0.019913791919165126,935
2019-09-25,0.013556897037403124,923
2019-09-26,0.01730651498034722,913
2019-09-27,0.02881663228987948,901
2019-09-30,0.030505954570257218,906
2019-10-01,0.03972324483780895,909
2019-10-02,0.06399205741882974,962
2019-10-03,0.052836082386121044,985
2019-10-04,0.048418221292672446,1041
2019-10-07,0.056108372081955384,1032
2019-10-08,0.07202295531274003,1060
2019-10-09,0.06409887295703907,1076
2019-10-10,0.061811417815769994,1095
2019-10-11,0.054011546728755036,1119
2019-10-14,0.05119090727955274,1122
2019-10-15,0.042412862404333694,1126
2019-10-16,0.04498819214203162,1135
2019-10-17,0.04142781450201372,1171
2019-10-18,0.05391131782870992,1164
2019-10-21,0.04751720617319594,1169
2019-10-22,0.05264629818685808,1144
2019-10-23,0.047883283568980535,1158
2019-10-24,0.04500377652346833,1110
2019-10-25,0.03818949273333856,1085
2019-10-28,0.03852838975696043,1098
2019-10-29,0.04242129611123976,959
2019-10-30,0.03903320719123184,935
2019-10-31,0.03805663254029403,967
2019-11-01,0.01913061940373376,898
2019-11-04,0.00699654662797001,869
2019-11-05,0.01329228059422858,856
2019-11-06,0.012321622807426342,831
2019-11-07,0.01692300241291827,667
2019-11-08,0.010152858023108287,688
2019-11-11,0.012062581708327825,665
2019-11-12,0.013181150492143006,634
2019-11-13,0.023945235686226425,624
2019-11-14,0.02309376348236963,623
2019-11-15,0.025108177281624615,612
2019-11-18,0.02485273806961893,473
2019-11-19,0.023390717264112824,439
2019-11-20,0.03266953530019258,428
2019-11-21,0.03806003314753939,420
2019-11-22,0.03871556274254455,387
2019-11-25,0.032674077317144216,378
2019-11-26,0.03558466615571124,354
2019-11-27,0.032035915204316416,336
2019-11-29,0.02780500611769393,316
2019-12-02,0.03962236448161521,341
2019-12-03,0.05858236693145523,361
2019-12-04,0.04553444403551201,357
2019-12-05,0.04892494397130396,361
2019-12-06,0.03690600961262006,383
2019-12-09,0.04587667749655605,397
2019-12-10,0.05264334258831173,403
2019-12-11,0.045089651592799915,402
2019-12-12,0.042342488927570435,421
2019-12-13,0.04185139340626457,411
2019-12-16,0.03477761556048973,413
2019-12-17,0.04235388102937838,403
2019-12-18,0.048619998314155484,374
2019-12-19,0.04084998638741964,379
2019-12-20,0.03592111426442235,378
2019-12-23,0.035935082395882535,378
2019-12-24,0.025458334200674795,385
2019-12-26,0.005013933522629341,356
2019-12-27,0.014736100977057874,290
2019-12-30,0.020004405471640428,296
2019-12-31,0.021215723057847295,274
2020-01-02,-0.010349913428816613,284
2020-01-03,0.007251069225423158,253
2020-01-06,0.021982448087139637,240
2020-01-07,0.032030162829206586,238
2020-01-08,0.028370542626784137,224
2020-01-09,0.018763445858111547,226
2020-01-10,0.031120206112899687,223
2020-01-13,0.026389651567033247,225
2020-01-14,0.03411178469526917,223
2020-01-15,0.031707781780760974,216
2020-01-16,0.025417419485415906,217
2020-01-17,0.019056248021380024,206
2020-01-21,0.02827329303705346,224
2020-01-22,0.022662383457608737,234
2020-01-23,0.01330968256917328,223
2020-01-24,-0.011713046356109667,239
2020-01-27,-0.02599158971868446,313
2020-01-28,-0.039153553853453725,341
2020-01-29,-0.08084654610271803,322
2020-01-30,-0.09097873712865145,280
2020-01-31,-0.027015898901886583,375
2020-02-03,-0.06597371967371274,378
2020-02-04,-0.04273234673784148,427
2020-02-05,-0.0849431467396926,438
2020-02-06,-0.10238907550862221,442
2020-02-07,-0.17768364792272412,428
2020-02-10,-0.13642917976670227,436
2020-02-11,-0.18714227158393099,440
2020-02-12,-0.2946470754638807,452
2020-02-13,-0.20108700683140088,456
2020-02-14,-0.3312803566026634,457
2020-02-18,-0.2735299708932449,477
2020-02-19,-0.3351349757202502,490
2020-02-20,-0.3146055038851683,488
2020-02-21,-0.3501745715883363,494
2020-02-24,-0.33882466425145413,749
2020-02-25,-0.21466699760765878,896
2020-02-26,-0.20290225384507585,896
2020-02-27,-0.09936134774066835,1207
2020-02-28,-0.12809869476329488,1128
2020-03-02,-0.14035489946654145,1352
2020-03-03,-0.12810053815919636,1428
2020-03-04,-0.21236329934592482,1547
2020-03-05,-0.1477496703916692,1588
2020-03-06,-0.14989450502415758,1586
2020-03-09,-0.0058217022058534434,1692
2020-03-10,-0.05851875842961188,1682
2020-03-11,0.017743704975866408,1688
2020-03-12,0.1286394169673704,1736
2020-03-13,0.029136791894658766,1730
2020-03-16,0.18546819075135118,1745
2020-03-17,0.10697373698136255,1751
2020-03-18,0.16587865317317269,1726
2020-03-19,0.1791745250468233,1723
2020-03-20,0.2044686763420496,1723
2020-03-23,0.19554393892723657,1721
2020-03-24,0.12540693469286973,1728
2020-03-25,0.11494319638723917,1726
2020-03-26,0.06901672200301029,1726
2020-03-27,0.12133364126221906,1726
2020-03-30,0.0833913427499055,1727
2020-03-31,0.12070161920005651,1726
2020-04-01,0.15247789749999718,1727
2020-04-02,0.09416815006076355,1731
2020-04-03,0.11377248009359117,1727
2020-04-06,0.056009652013597255,1727
2020-04-07,0.05222019473484194,1729
2020-04-08,0.03307852994244011,1727
2020-04-09,0.04120724727412329,1727
2020-04-13,0.04775451096832043,1721
2020-04-14,-0.001378421559349273,1725
2020-04-15,0.002454056196086119,1724
2020-04-16,0.012375163992787484,1723
2020-04-17,-0.014173201613800271,1722
2020-04-20,0.037774284262808724,1722
2020-04-21,0.058077948291298115,1726
2020-04-22,0.05242309449239869,1724
2020-04-23,0.04727876845148719,1723
2020-04-24,0.03441641009558437,1724
2020-04-27,0.03031269922866362,1725
2020-04-28,0.0541112872583583,1723
2020-04-29,0.028577881936339575,1724
2020-04-30,0.04483508991305638,1723
2020-05-01,0.07439153050100801,1728
2020-05-04,0.0802464100410864,1728
2020-05-05,0.08782698713609507,1727
2020-05-06,0.09488129456618268,1727
2020-05-07,0.1070008658258443,1726
2020-05-08,0.10098930785522492,1726
2020-05-11,0.09455821822906027,1725
2020-05-12,0.10990023766492293,1725
2020-05-13,0.06681570534866467,1726
2020-05-14,0.06552240620989681,1726
2020-05-15,0.07217015344174697,1726
2020-05-18,0.055719990442714584,1722
2020-05-19,0.06318216885618896,1728
2020-05-20,0.04741372237797218,1726
2020-05-21,0.05047733605426676,1731
2020-05-22,0.054387048835986405,1730
2020-05-26,0.04446873996574352,1728
2020-05-27,0.003298923527079476,1721
2020-05-28,0.020037475503284413,1718
2020-05-29,-0.012794663762015384,1717
2020-06-01,0.0003510802767668058,1711
2020-06-02,0.0062174739380039794,1714
2020-06-03,-0.003645852512509656,1696
2020-06-04,0.002572470874078632,1692
2020-06-05,-0.002629744502112171,1688
2020-06-08,-0.02446218476610702,1633
2020-06-09,-0.011906643421319758,1598
2020-06-10,-0.012302569888473221,1430
2020-06-11,0.06375076401318584,1463
2020-06-12,0.04449565070627768,1493
2020-06-15,0.049672695401025244,1517
2020-06-16,0.04095193082257914,1494
2020-06-17,0.042939107426732015,1501
2020-06-18,0.04217083027704261,1444
2020-06-19,0.052417151693912534,1475
2020-06-22,0.052107948048195435,1400
2020-06-23,0.05423664725276567,1382
2020-06-24,0.06670625470585147,1377
2020-06-25,0.05187970766003066,1378
2020-06-26,0.0878548590357997,1377
2020-06-29,0.06701038393572663,1353
2020-06-30,0.06253410404440846,1355
2020-07-01,0.054277333012386214,1224
2020-07-02,0.04812975395510416,1226
2020-07-06,0.03732720723681486,1199
2020-07-07,0.05312270007686683,1214
2020-07-08,0.05486243721199601,1234
2020-07-09,0.06562383308778882,1181
2020-07-10,0.054166559547470294,1168
2020-07-13,0.06392370841176465,1158
2020-07-14,0.04567787707152059,1148
2020-07-15,0.053271150146402955,1124
2020-07-16,0.051523711828166785,1032
2020-07-17,0.05079687666642084,1005
2020-07-20,0.04842068725183035,996
2020-07-21,0.045317519263130046,983
2020-07-22,0.03671801080190802,975
2020-07-23,0.04990417372573875,991
2020-07-24,0.057216354465497825,1009
2020-07-27,0.05994165016410051,1017
2020-07-28,0.07067256396026082,965
2020-07-29,0.0731538049944122,970
2020-07-30,0.07789238110573454,917
2020-07-31,0.08585229198577041,875
2020-08-03,0.07758951479022913,892
2020-08-04,0.07775804846589669,875
2020-08-05,0.08488057521334237,867
2020-08-06,0.04740788889425112,833
2020-08-07,0.03902322982823287,797
2020-08-10,0.008065574670787376,795
2020-08-11,0.031773718236050984,799
2020-08-12,0.002046721305093511,787
2020-08-13,0.010274539056991387,767
2020-08-14,0.023548899319516828,770
2020-08-17,0.02662318414967446,764
2020-08-18,0.02181264629658606,763
2020-08-19,0.017790628922611126,781
2020-08-20,0.006489910544152362,773
2020-08-21,-0.01029664670087728,793
2020-08-24,-0.0154806982009616,806
2020-08-25,-0.04288589262066869,822
2020-08-26,-0.05171664476398505,803
2020-08-27,-0.040719299888198765,814
2020-08-28,-0.03294025466917133,835
2020-08-31,-0.036271994316572576,804
2020-09-01,-0.0339392310770982,792
2020-09-02,-0.044845672119251445,810
2020-09-03,-0.02294052040876351,935
2020-09-04,-9.16927467296269e-05,542
2020-09-08,0.014692269923572662,582
2020-09-09,0.01404215268498534,611
2020-09-10,0.0347804031899773,633
2020-09-11,0.038207383334382235,631
2020-09-14,0.036992372566194,656
2020-09-15,0.02697891671772338,646
2020-09-16,0.02323643502344653,656
2020-09-17,0.02726178478141008,663
2020-09-18,0.03883912213393639,603
2020-09-21,0.03519859340939203,624
2020-09-22,0.03189318625749177,534
2020-09-23,0.04858411583507618,542
2020-09-24,0.05103254875861687,535
2020-09-25,0.04111765207123851,551
2020-09-28,0.006697157751920393,562
2020-09-29,0.0051883923946655485,558
2020-09-30,-0.037969162738596074,564
2020-10-01,-0.03091807524831623,561
2020-10-02,-0.029884276944590494,560
2020-10-05,-0.03521267510974333,581
2020-10-06,-0.0036959772660046693,626
2020-10-07,-0.0048781059043538945,633
2020-10-08,0.007097794310815447,636
2020-10-09,0.0010865048629591268,644
2020-10-12,0.0069109949785002185,645
2020-10-13,0.010384937228783983,657
2020-10-14,0.024995551983765695,664
2020-10-15,0.01973431738488849,680
2020-10-16,0.02976070275741939,673
2020-10-19,0.05793041829722771,725
2020-10-20,0.05400283394187357,707
2020-10-21,0.05081210454527574,718
2020-10-22,0.04873959871003147,719
2020-10-23,0.03865334317376017,746
2020-10-26,0.06654172426514406,818
2020-10-27,0.09081874961424746,821
2020-10-28,0.1235748253144417,985
2020-10-29,0.11539349154333774,1002
2020-10-30,0.12057847772575433,980
2020-11-02,0.1169253362747562,998
2020-11-03,0.10158706756019603,1052
2020-11-04,0.08266910778189207,1012
2020-11-05,0.07462727282404066,1005
2020-11-06,0.07364649742245691,1030
2020-11-09,0.05721262805364625,869
2020-11-10,0.051956389565300194,843
2020-11-11,0.043717473514209126,831
2020-11-12,0.0512435374185287,846
2020-11-13,0.03393807546321227,856
2020-11-16,0.03115568059769983,857
2020-11-17,0.0314811684834236,850
2020-11-18,0.04725463092654197,859
2020-11-19,0.04321340009646596,882
2020-11-20,0.04689001302661025,890
2020-11-23,0.03252507471139802,886
2020-11-24,0.016628945320036618,898
2020-11-25,0.021007499499551947,912
2020-11-27,0.024941678577443876,897
2020-11-30,0.02810294639814086,794
2020-12-01,0.021488907167200963,790
2020-12-02,0.02628999208777371,744
2020-12-03,0.015457800549422845,717
2020-12-04,0.010816359106965332,708
2020-12-07,0.01880228216332094,717
2020-12-08,0.029207108635075876,709
2020-12-09,0.04095173760535786,705
2020-12-10,0.03841425557454459,710
2020-12-11,0.0382371607896601,691
2020-12-14,0.043857037617464525,671
2020-12-15,0.030799232729319274,666
2020-12-16,0.02288788120223441,673
2020-12-17,0.02375508844963165,635
2020-12-18,0.03553765013004111,639
2020-12-21,0.03596199392928212,619
2020-12-22,0.03815532536662863,603
2020-12-23,0.03825681735683083,600
2020-12-24,0.03258476775314157,600
2020-12-28,-0.0051365933001747376,596
2020-12-29,0.007996634139846146,595
2020-12-30,-0.01235809810162236,578
2020-12-31,-0.008609088227433285,571
2021-01-04,0.022035116593090535,553
2021-01-05,0.01467576173534829,551
2021-01-06,0.017251273867711518,548
2021-01-07,0.008714539834006909,534
2021-01-08,0.010454185242180725,526
2021-01-11,0.012306725567359634,524
2021-01-12,0.012682923953899309,520
2021-01-13,0.012830986866308519,519
2021-01-14,0.020029117405465216,493
2021-01-15,0.029635195884643004,492
2021-01-19,0.023170884949600984,476
2021-01-20,0.006906870317615973,489
2021-01-21,0.007849599430064046,484
2021-01-22,0.0072216723077762465,451
2021-01-25,0.005800891979910053,443
2021-01-26,0.020290825278098248,334
2021-01-27,0.03084061873008089,391
2021-01-28,0.010723687283848595,388
2021-01-29,0.04983628324724167,420
2021-02-01,0.0327040681562211,413
2021-02-02,0.002994767055813462,428
2021-02-03,-0.008102337557490112,409
2021-02-04,-0.0006509259147175657,416
2021-02-05,-0.00734092800079582,385
2021-02-08,-0.0024439221891692092,395
2021-02-09,0.00652579894974784,383
2021-02-10,0.013905477135261107,378
2021-02-11,0.014471628919285795,353
2021-02-12,0.01724619737614172,353
2021-02-16,0.01639966517565056,342
2021-02-17,0.017477660076635697,329
2021-02-18,0.009345848237615854,329
2021-02-19,0.010084754406636295,322
2021-02-22,0.02119650128915844,318
2021-02-23,0.013472598297376874,302
2021-02-24,-0.0031063913350483346,302
2021-02-25,0.022649961606670425,333
2021-02-26,0.048288556421213144,330
2021-03-01,0.028270361780319365,345
2021-03-02,0.030342644199260062,359
2021-03-03,0.044215277873395374,377
2021-03-04,0.06725551624003132,385
2021-03-05,0.06111433135199177,430
2021-03-08,0.06327237847569031,414
2021-03-09,0.051048474077775366,431
2021-03-10,0.04738857660407156,426
2021-03-11,0.04770852389616262,439
2021-03-12,0.046277739963502235,436
2021-03-15,0.041654529617715264,424
2021-03-16,0.03927952664217628,431
2021-03-17,0.04851170107122843,424
2021-03-18,0.06568739603401291,430
2021-03-19,0.06107701416327088,427
2021-03-22,0.04628536274703936,429
2021-03-23,0.05991363246716826,422
2021-03-24,0.054259046333444284,413
2021-03-25,0.05847384154347029,400
2021-03-26,0.04199137933251507,435
2021-03-29,0.04217304667870559,435
2021-03-30,0.04277101797777816,425
2021-03-31,0.04824693875994182,408
2021-04-01,0.030990333119939914,415
2021-04-05,0.023826209469702216,435
2021-04-06,0.01944058265246278,442
2021-04-07,0.021550413214395787,438
2021-04-08,0.02795106918389661,436
2021-04-09,0.028190148645148266,434
2021-04-12,0.019247044297147783,435
2021-04-13,0.008860514809109075,452
2021-04-14,-0.006948229289923374,452
2021-04-15,-0.007454236424831671,475
2021-04-16,0.00067936203481192,484
2021-04-19,0.004180410205688905,486
2021-04-20,0.0033732242068413663,481
2021-04-21,-0.006645832170455786,477
2021-04-22,0.014063977245303325,506
2021-04-23,0.004201599892674938,406
2021-04-26,0.011573797032709809,400
2021-04-27,0.0073855321957476995,370
2021-04-28,0.012305162568099355,356
2021-04-29,0.006180205808947737,324
2021-04-30,0.015128307462347921,325
2021-05-03,0.009223078721336039,329
2021-05-04,0.016175707753039652,339
2021-05-05,0.011186850149701416,340
2021-05-06,0.009998046444052309,348
2021-05-07,-8.370105057207153e-05,345
2021-05-10,0.007085582151011564,347
2021-05-11,0.01343084614251817,358
2021-05-12,0.03534337205515191,400
2021-05-13,0.02615176058309314,419
2021-05-14,0.014474619502196636,442
2021-05-17,0.014548645551528157,447
2021-05-18,0.01693168444725584,450
2021-05-19,0.019576993829222174,461
2021-05-20,-0.0032088538679145642,487
2021-05-21,0.010311636928044064,454
2021-05-24,0.007297847899803907,456
2021-05-25,0.008828695168204644,436
2021-05-26,0.014047228471906866,437
2021-05-27,0.01753167934252798,419
2021-05-28,0.016277471033479266,386
2021-06-01,0.018429622601160125,362
2021-06-02,0.02037383280842593,381
2021-06-03,0.027680970544332183,382
2021-06-04,0.025269452957552743,376
2021-06-07,0.023953310676175683,389
2021-06-08,0.027916189718509073,390
2021-06-09,0.02153322886610686,401
2021-06-10,0.028882094661758954,395
2021-06-11,0.03120476121963968,406
2021-06-14,0.027707047134378954,409
2021-06-15,0.03196257641597292,431
2021-06-16,0.03614506602523725,439
2021-06-17,0.02962906512794878,435
2021-06-18,0.027638618596633968,462
2021-06-21,0.027211125389788655,492
2021-06-22,0.0309306842963337,473
2021-06-23,0.034283745335220744,481
2021-06-24,0.03492983126057337,483
2021-06-25,0.03102384479010349,467
2021-06-28,0.026340122817906337,460
2021-06-29,0.025152614658287012,442
2021-06-30,0.027676000540859627,444
2021-07-01,0.019156482649836215,446
2021-07-02,0.01004089446826966,458
2021-07-06,0.02177465687370895,462
2021-07-07,0.014504853885261074,459
2021-07-08,0.028758645014790626,464
2021-07-09,0.01911559239012994,480
2021-07-12,0.013605139434541797,455
2021-07-13,0.0189312101256163,440
2021-07-14,0.021519946149362326,430
2021-07-15,0.026179527097752377,441
2021-07-16,0.03606280474421442,458
2021-07-19,0.05238736486445209,487
2021-07-20,0.0332972833531947,481
2021-07-21,0.014556491002813962,493
2021-07-22,0.012525300022740096,502
2021-07-23,0.011013252623756947,509
2021-07-26,0.01818034012384262,496
2021-07-27,0.021774220206589968,484
2021-07-28,0.02380833384390426,475
2021-07-29,0.012863853536293044,477
2021-07-30,0.0238914203997702,477
2021-08-02,0.028532961744655236,455
2021-08-03,0.019191335813959483,450
2021-08-04,0.021986283432090373,461
2021-08-05,0.019705786258410553,437
2021-08-06,0.017461872743056776,366
2021-08-09,0.013883038474047343,346
2021-08-10,0.009800350996847923,336
2021-08-11,0.00019045039194354272,343
2021-08-12,-0.006626179836434851,334
2021-08-13,-0.006753619250029609,333
2021-08-16,-0.015975159151108607,308
2021-08-17,-0.0030309962967880223,306
2021-08-18,0.005023956374999403,322
2021-08-19,-0.0014222740671786804,305
2021-08-20,-0.024345987709895572,311
2021-08-23,-0.033223539695711395,321
2021-08-24,-0.024529551713312156,323
2021-08-25,-0.012643518049611023,323
2021-08-26,-0.006320060122970646,326
2021-08-27,-0.014329677890358543,337
2021-08-30,-0.03439605008501234,329
2021-08-31,-0.029917834407948474,322
2021-09-01,-0.04091200289444522,316
2021-09-02,-0.03222344317082512,310
2021-09-03,-0.042617407993885636,314
2021-09-07,-0.027938232857907145,334
2021-09-08,-0.023440105451469406,325
2021-09-09,-0.009976668897440758,329
2021-09-10,-0.007381541446143464,325
2021-09-13,-0.018873930635211818,325
2021-09-14,-0.014425233045106832,288
2021-09-15,-0.017883700082304412,252
2021-09-16,-0.0012184228322827811,256
2021-09-17,0.014415365415667387,255
2021-09-20,0.03322587175819968,289
2021-09-21,0.04205299308434495,290
2021-09-22,0.03761660919108031,297
2021-09-23,0.026261348907986374,307
2021-09-24,0.027913357090911004,300
2021-09-27,0.0341025988975074,299
2021-09-28,0.05388634312946516,351
2021-09-29,0.043080171263925125,359
2021-09-30,0.06432950869334135,393
2021-10-01,0.05410474147991652,397
2021-10-04,0.06841128285318304,380
2021-10-05,0.06328002677848346,399
2021-10-06,0.06566729084318859,404
2021-10-07,0.06325431433410414,414
2021-10-08,0.06908788387823105,394
2021-10-11,0.07988153934685951,406
2021-10-12,0.07961880201161445,363
2021-10-13,0.07132998225237022,345
2021-10-14,0.05608783923194724,386
2021-10-15,0.05282394210929333,400
2021-10-18,0.05014569972202186,393
2021-10-19,0.04585776835393199,409
2021-10-20,0.03750292269725997,427
2021-10-21,0.03532687593651906,413
2021-10-22,0.029771114374530026,395
2021-10-25,0.022411935004505477,403
2021-10-26,0.02548287332512884,384
2021-10-27,0.0368970557266137,356
2021-10-28,0.007247514657815476,343
2021-10-29,0.013928745454203327,345
2021-11-01,-0.009535405014641906,340
2021-11-02,-0.025273960836968035,344
2021-11-03,-0.015898328257495733,339
2021-11-04,-0.02712092516324595,318
2021-11-05,-0.020324530603810703,313
2021-11-08,-0.005808437294633647,298
2021-11-09,-0.0030703970426333,295
2021-11-10,-0.0019361327572601215,292
2021-11-11,0.00938477433773152,273
2021-11-12,-0.004203190960233797,287
2021-11-15,-0.0081771912019157,275
2021-11-16,0.0026971404079541537,272
2021-11-17,0.0022534847058216607,277
2021-11-18,-0.012745018843403573,263
2021-11-19,-0.02118420086593247,252
2021-11-22,-0.005231761286221765,227
2021-11-23,-0.002349684021270176,231
2021-11-24,0.00045750339304952755,227
2021-11-26,0.033249680376879184,300
2021-11-29,0.02405366785422496,307
2021-11-30,0.04456240769458268,370
2021-12-01,0.05308880020441673,356
2021-12-02,0.03624282907393993,399
2021-12-03,0.04909568686416606,390
2021-12-06,0.0412414542618975,414
2021-12-07,0.011013291145596167,436
2021-12-08,0.011809139808883679,429
2021-12-09,0.011897423422402329,429
2021-12-10,-0.0007617587688815725,402
2021-12-13,0.01418283651344987,407
2021-12-14,0.01960762729962687,368
2021-12-15,-0.0065600119327239624,386
2021-12-16,-0.0032655749518925976,386
2021-12-17,-0.006320047123333191,397
2021-12-20,-0.0038010043338744717,415
2021-12-21,-0.028679091749761076,434
2021-12-22,-0.054329808453416596,398
2021-12-23,-0.058042722458298064,400
2021-12-27,-0.07854864750102541,377
2021-12-28,-0.07995206959097693,358
2021-12-29,-0.08320214758158709,349
2021-12-30,-0.05956512145449793,356
2021-12-31,-0.04046487235973931,360
2022-01-03,-0.03652980554049044,330
2022-01-04,-0.03300735391717331,320
2022-01-05,-0.04145377723031779,338
2022-01-06,-0.038718992246170064,326
2022-01-07,-0.037269467644799846,312
2022-01-10,-0.027591575523365143,299
2022-01-11,-0.022783967851530765,299
2022-01-12,-0.04083420784748795,296
2022-01-13,-0.048543867434443805,305
2022-01-14,-0.049841014820107096,294
2022-01-18,-0.016934563722441273,318
2022-01-19,-0.00987371078122185,330
2022-01-20,-0.019431838908311065,335
2022-01-21,-0.00783533507718855,345
2022-01-24,-0.020777222158660104,361
2022-01-25,-0.029014817038827665,354
2022-01-26,-0.017000393122833343,361
2022-01-27,0.007632030190728762,366
2022-01-28,-0.015624369467927082,393
2022-01-31,-0.049421112303154074,415
2022-02-01,-0.042643019578764096,402
2022-02-02,-0.05497733800447646,403
2022-02-03,-0.039494550122219134,407
2022-02-04,-0.07111075805506263,381
2022-02-07,-0.0738463068671753,385
2022-02-08,-0.05802512837154332,382
2022-02-09,-0.07488335716695768,386
2022-02-10,-0.06807613239497867,399
2022-02-11,-0.053534659345691855,433
2022-02-14,-0.029966938956802375,428
2022-02-15,-0.025664845425069693,449
2022-02-16,-0.0122057731782142,464
2022-02-17,0.01710237207202018,506
2022-02-18,0.021282331985608943,494
2022-02-22,0.04143421156214613,485
2022-02-23,0.04412607316599827,468
2022-02-24,0.04659210528582501,452
2022-02-25,0.02814500137289301,477
2022-02-28,0.03685021859434692,462
2022-03-01,0.06353718023078578,456
2022-03-02,0.03945778966075848,487
2022-03-03,0.029897084582553447,479
2022-03-04,0.03901979279722069,462
2022-03-07,0.07495794701429953,542
2022-03-08,0.06759264889960452,540
2022-03-09,0.03588294507763723,590
2022-03-10,0.04523443201705615,579
2022-03-11,0.0536401538842691,581
2022-03-14,0.04384098338379381,556
2022-03-15,0.018302688375033297,611
2022-03-16,0.008977785513919988,632
2022-03-17,-0.01200658653422972,633
2022-03-18,-0.021486367732735823,632
2022-03-21,-0.004546706423688934,620
2022-03-22,-0.021671764427436808,624
2022-03-23,-0.022115872283744148,629
2022-03-24,-0.06267077142767795,638
2022-03-25,-0.061481981981286585,633
2022-03-28,-0.09612796622188664,631
2022-03-29,-0.10568299446486377,639
2022-03-30,-0.075082914554636,639
2022-03-31,-0.09507904692200342,680
2022-04-01,-0.08889144456234116,669
2022-04-04,-0.09251284084215519,669
2022-04-05,-0.048479524317689364,685
2022-04-06,-0.07599421410508905,685
2022-04-07,-0.08689688513937605,679
2022-04-08,-0.11251162481403676,668
2022-04-11,-0.09538453448815962,673
2022-04-12,-0.10475434093117979,693
2022-04-13,-0.11385071347797258,673
2022-04-14,-0.0823920419498667,680
2022-04-18,-0.08522026920199649,670
2022-04-19,-0.08135313722384988,698
2022-04-20,-0.11224979544747196,674
2022-04-21,-0.10617574976979366,691
2022-04-22,-0.07860920575547356,744
2022-04-25,-0.06484686026071525,744
2022-04-26,-0.04262527804933211,754
2022-04-27,-0.03285118284234239,742
2022-04-28,-0.037574227961318346,740
2022-04-29,0.018502056355037346,813
2022-05-02,0.004494446781172576,843
2022-05-03,-0.00585709875465997,855
2022-05-04,-0.017519509115666874,910
2022-05-05,0.003851443630836879,968
2022-05-06,0.011171005354418123,967
2022-05-09,0.04639023410004216,970
2022-05-10,0.03274190179318452,957
2022-05-11,0.02419381791064026,959
2022-05-12,-0.006185130449473768,927
2022-05-13,-0.06494564323700219,938
2022-05-16,-0.0653283632270349,944
2022-05-17,-0.07012759209611688,944
2022-05-18,-0.0621622481700323,997
2022-05-19,-0.051882010617640785,971
2022-05-20,-0.02971469516496159,980
2022-05-23,-0.049640060141790426,955
2022-05-24,-0.036517825500635,940
2022-05-25,-0.017581983746685837,931
2022-05-26,-0.041315829321856734,929
2022-05-27,-0.08237310768154948,950
2022-05-31,-0.0783872174855219,969
2022-06-01,-0.07886207725234848,973
2022-06-02,-0.09025002011000732,990
2022-06-03,-0.07564897703694105,1005
2022-06-06,-0.0748887002498155,1006
2022-06-07,-0.06770874043903372,1014
2022-06-08,-0.05770406247157186,1031
2022-06-09,-0.046678746376883615,1045
2022-06-10,-0.02563405085111701,1085
2022-06-13,0.007789102329338213,1127
2022-06-14,0.00774794310063987,1121
2022-06-15,0.015542818639951744,1127
2022-06-16,0.039596233246242556,1147
2022-06-17,0.06610628182689467,1138
2022-06-21,0.05171645307076649,1173
2022-06-22,0.06313597616545594,1155
2022-06-23,0.04901515496697362,1140
2022-06-24,0.02089119788084058,1171
2022-06-27,0.01222670287580333,1178
2022-06-28,0.05467015692836128,1173
2022-06-29,0.065472933681837,1168
2022-06-30,0.0839046413095115,1170
2022-07-01,0.07482060929466912,1178
2022-07-05,0.06535673481566104,1188
2022-07-06,0.0788309403904633,1179
2022-07-07,0.063914034229754,1192
2022-07-08,0.06342625516187687,1190
2022-07-11,0.07322121406930641,1196
2022-07-12,0.076560216880888,1192
2022-07-13,0.09987788831868066,1205
2022-07-14,0.10431824741698753,1206
2022-07-15,0.09838676135826298,1226
2022-07-18,0.110275644379044,1254
2022-07-19,0.08579075164632854,1279
2022-07-20,0.07048497476783509,1228
2022-07-21,0.0640148980520662,1234
2022-07-22,0.05889410054189265,1204
2022-07-25,0.03621062514753049,1208
2022-07-26,0.04647133281703175,1210
2022-07-27,0.027022256817797075,1154
2022-07-28,0.030448414642740604,1138
2022-07-29,-0.014066601585996132,1116
2022-08-01,-0.019302909657538267,1065
2022-08-02,-0.02067316185551564,1015
2022-08-03,-0.04279948771473159,1018
2022-08-04,-0.038807498716897544,1010
2022-08-05,-0.04901922380336922,1010
2022-08-08,-0.05175479000977936,1011
2022-08-09,-0.029971759645231518,1016
2022-08-10,-0.043465961761055175,1027
2022-08-11,-0.029994226217107216,1026
2022-08-12,-0.03729713709562326,1050
2022-08-15,-0.08705017581142659,963
2022-08-16,-0.08592246686080542,993
2022-08-17,-0.08952826340659623,1030
2022-08-18,-0.09771532910982833,1007
2022-08-19,-0.07836189854763903,1016
2022-08-22,-0.0690712028955523,1060
2022-08-23,-0.08373800272385952,1048
2022-08-24,-0.09508361261821521,1023
2022-08-25,-0.1261786844689783,1040
2022-08-26,-0.10308979833832431,1144
2022-08-29,-0.09970120710389799,1146
2022-08-30,-0.06993996599181805,1151
2022-08-31,-0.0820246706713159,1161
2022-09-01,-0.10447254048416897,1139
2022-09-02,-0.06845148569837296,1153
2022-09-06,-0.034457821166590206,1102
2022-09-07,-0.05232071469272933,1110
2022-09-08,-0.0698060807638893,1012
2022-09-09,-0.11116431935317796,1045
2022-09-12,-0.12602413791861952,1023
2022-09-13,-0.08762519646135926,1160
2022-09-14,-0.09332343780186209,1153
2022-09-15,-0.05537270086644877,1095
2022-09-16,-0.07097570962561735,1098
2022-09-19,-0.05253747990247867,1111
2022-09-20,-0.02892719168575069,1079
2022-09-21,-0.015913880212930345,1109
2022-09-22,-0.015074449029308549,1082
2022-09-23,0.02799699720269043,1126
2022-09-26,0.04805089223174058,1144
2022-09-27,0.06634302540378871,1127
2022-09-28,0.04606178502672888,1170
2022-09-29,0.06003971775132949,1199
2022-09-30,0.10349918452942397,1229
2022-10-03,0.07059713828356294,1287
2022-10-04,0.03850545711133013,1338
2022-10-05,0.016759673194825974,1332
2022-10-06,0.01738346214347193,1335
2022-10-07,0.05936170523325418,1358
2022-10-10,0.07664520864169236,1340
2022-10-11,0.09072597247707925,1326
2022-10-12,0.07167897989207236,1274
2022-10-13,0.09512406409261022,1354
2022-10-14,0.12529691975208246,1377
2022-10-17,0.09641245107341521,1447
2022-10-18,0.09364699267674814,1446
2022-10-19,0.08963413291532124,1450
2022-10-20,0.09502436353601627,1436
2022-10-21,0.07409312059433494,1487
2022-10-24,0.06207582203538376,1511
2022-10-25,0.06090330014289205,1513
2022-10-26,0.06839756560117002,1500
2022-10-27,0.07367985141642128,1475
2022-10-28,0.035303272494406096,1497
2022-10-31,0.042398541085485235,1500
2022-11-01,0.07494682565782979,1495
2022-11-02,0.09634869740918588,1517
2022-11-03,0.10444633613516277,1500
2022-11-04,0.06974805251289871,1506
2022-11-07,0.04362753970251179,1506
2022-11-08,0.03426217124188278,1500
2022-11-09,0.06297897851544286,1515
2022-11-10,0.0065315039733531335,1546
2022-11-11,0.010524993682761278,1492
2022-11-14,0.02038705571222104,1494
2022-11-15,0.006299587612523742,1467
2022-11-16,-0.010544722938764767,1462
2022-11-17,-0.01726535963604562,1453
2022-11-18,-0.027898360674744646,1452
2022-11-21,-0.025331032269452977,1392
2022-11-22,-0.02464259209808299,1401
2022-11-23,-0.044917051650880585,1390
2022-11-25,-0.04012707517632292,1388
2022-11-28,-0.03122445060682756,1408
2022-11-29,-0.04094315942128275,1395
2022-11-30,-0.054878136281423795,1430
2022-12-01,-0.05486597142158181,1413
2022-12-02,-0.05543291682172246,1408
2022-12-05,-0.02519890322754014,1422
2022-12-06,-0.019641358016991746,1433
2022-12-07,0.0044366426288740095,1308
2022-12-08,-0.004302272195029369,1306
2022-12-09,0.009281458492741665,1332
2022-12-12,0.004682151952015205,1354
2022-12-13,0.0031372851303393097,1347
2022-12-14,0.0124340060301429,1334
2022-12-15,0.033585260407437346,1348
2022-12-16,0.025778935139432833,1375
2022-12-19,0.022935849459782352,1347
2022-12-20,0.04033672258482576,1341
2022-12-21,0.03904257825995461,1357
2022-12-22,0.052847225780663316,1341
2022-12-23,0.04760412914001934,1310
2022-12-27,0.061837141559498654,1287
2022-12-28,0.07645249388670151,1259
2022-12-29,0.04902222287656733,1211
2022-12-30,0.0627152821606683,1215
2023-01-03,0.07627274933136784,1195
2023-01-04,0.0750621926568967,1134
2023-01-05,0.07555362105272746,1135
2023-01-06,0.049660640043392046,1180
2023-01-09,0.059215218454323884,1171
2023-01-10,0.042639363998922514,1115
2023-01-11,0.02651537798339766,1090
2023-01-12,0.02284346272792411,1048
2023-01-13,0.03022551123441486,1042
2023-01-17,0.034109034138320844,1050
2023-01-18,0.05229991140969506,1117
2023-01-19,0.04745893855331843,1070
2023-01-20,0.030819204862545243,1079
2023-01-23,-0.002586816407363194,1063
2023-01-24,-0.0044311225398516365,1077
2023-01-25,0.00018488341669260257,1109
2023-01-26,-0.01806636811514234,1070
2023-01-27,-0.017726806652842656,1053
2023-01-30,-0.00997099304363077,1062
2023-01-31,-0.026849482058651467,1021
2023-02-01,-0.030595214384741685,1038
2023-02-02,-0.025534762547311518,996
2023-02-03,-0.014469531620694486,967
2023-02-06,-0.025606255443872378,960
2023-02-07,-0.033595076131566544,924
2023-02-08,-0.04196002655927031,740
2023-02-09,-0.04642089197853167,757
2023-02-10,-0.050856335909924534,761
2023-02-13,-0.04563418163273111,796
2023-02-14,-0.05138203575870367,804
2023-02-15,-0.0388785997183483,812
2023-02-16,-0.03547683853694732,820
2023-02-17,-0.026315249069695262,818
2023-02-21,0.005160965079270731,824
2023-02-22,-0.008832625388924799,822
2023-02-23,-0.008153887419773255,812
2023-02-24,0.0030627611076438485,789
2023-02-27,0.003454664429847161,773
2023-02-28,0.004159108998177871,692
2023-03-01,0.021314450269148848,712
2023-03-02,0.018182908107524036,713
2023-03-03,0.017463076857882905,700
2023-03-06,0.019741296716111734,678
2023-03-07,0.028030273812949445,714
2023-03-08,0.025225751473704174,714
2023-03-09,0.04430002191250118,724
2023-03-10,0.05831109234492098,689
2023-03-13,0.06230370753670237,662
2023-03-14,0.040812717977208424,683
2023-03-15,0.0590526815765502,579
2023-03-16,0.04562076341773325,591
2023-03-17,0.06017791157807715,588
2023-03-20,0.051696905530724514,620
2023-03-21,0.037216197857904615,612
2023-03-22,0.04675509941016669,628
2023-03-23,0.04396962760237521,613
2023-03-24,0.04189126371236785,613
2023-03-27,0.021164167208430038,591
2023-03-28,0.014082531788914292,558
2023-03-29,0.018387166493139123,570
2023-03-30,0.022316811668228055,590
2023-03-31,0.008673700723884854,620
2023-04-03,-0.007925442673496506,623
2023-04-04,-0.01296681354189398,581
2023-04-05,-0.02032979809532537,576
2023-04-06,-0.0037904852447826244,570
2023-04-10,-0.004831517243933697,570
2023-04-11,-0.008985722276373663,570
2023-04-12,-0.0033828061162849026,576
2023-04-13,-0.019421809508045482,614
2023-04-14,-0.021943931002136773,554
2023-04-17,-0.02192898810990041,550
2023-04-18,-0.03120893397116465,513
2023-04-19,-0.015009006027347517,492
2023-04-20,1.0051430745925544e-05,492
2023-04-21,-0.004838218113886057,512
2023-04-24,-0.007126097062524948,516
2023-04-25,0.0015975572238545975,551
2023-04-26,0.003523510584894335,545
2023-04-27,-0.007197879593182033,547
2023-04-28,-0.001392592636453211,558
2023-05-01,-0.003167043506362068,565
2023-05-02,0.005471429273245419,589
2023-05-03,0.023478911791277455,578
2023-05-04,0.04651444462389588,587
2023-05-05,0.02598788316459818,631
2023-05-08,0.02717207452980716,629
2023-05-09,0.02957055147374124,639
2023-05-10,0.036008905552405934,597
2023-05-11,0.04211031031563325,585
2023-05-12,0.053494274996698496,589
2023-05-15,0.05596160071140007,573
2023-05-16,0.06482158318371785,596
2023-05-17,0.0626671460260632,564
2023-05-18,0.050490781023960284,559
2023-05-19,0.046427593098947756,565
2023-05-22,0.04299497998828129,560
2023-05-23,0.05180084681543387,567
2023-05-24,0.05141445429645838,561
2023-05-25,0.04223498028193516,549
2023-05-26,0.03634878152940311,570
2023-05-30,0.036985836059795066,538
2023-05-31,0.046647041671461845,536
2023-06-01,0.050019022697594444,491
2023-06-02,0.038784862845038764,515
2023-06-05,0.03968578947681499,485
2023-06-06,0.025503010968914316,465
2023-06-07,0.022288875861116254,452
2023-06-08,0.021479583750107455,428
2023-06-09,0.025586295472044787,429
2023-06-12,0.023452223370877132,418
2023-06-13,0.023950102265096165,409
2023-06-14,0.02167524345222041,393
2023-06-15,0.01218310864979473,394
2023-06-16,0.022823973402068713,357
2023-06-20,0.0339587064955931,377
2023-06-21,0.03583530886073215,373
2023-06-22,0.037213628884922634,381
2023-06-23,0.04924107731001695,382
2023-06-26,0.05367690924733134,361
2023-06-27,0.043363449083302766,359
2023-06-28,0.03963167984662924,341
2023-06-29,0.04160322418715932,348
2023-06-30,0.033751440070249564,355
2023-07-03,0.029407105126426726,354
2023-07-05,0.019004013403470667,366
2023-07-06,0.028228399205111922,380
2023-07-07,0.03012348574714828,384
2023-07-10,0.034356972512282855,386
2023-07-11,0.02175859625934485,369
2023-07-12,0.007751740169355256,387
2023-07-13,0.0038241410134373785,382
2023-07-14,0.004632873472183219,377
2023-07-17,0.007560397313951233,380
2023-07-18,-0.011268674228525118,369
2023-07-19,-0.023887396480471418,373
2023-07-20,-0.02703841198475458,376
2023-07-21,-0.030407378083246582,337
2023-07-24,-0.03066238233757269,321
2023-07-25,-0.03704753017030278,309
2023-07-26,-0.026224629909143676,273
2023-07-27,-0.035011021836826424,261
2023-07-28,-0.035038549116457124,246
2023-07-31,-0.03150544235548279,242
2023-08-01,-0.016314010872951774,223
2023-08-02,-0.0013005652328060358,223
2023-08-03,-0.0008647078148143331,216
2023-08-04,0.0031761948335052633,203
2023-08-07,-0.013047628027626525,203
2023-08-08,-0.014297970021014673,212
2023-08-09,-0.009688614747652065,216
2023-08-10,-0.010602938052143325,213
2023-08-11,-0.004054659187515507,198
2023-08-14,-0.012943198244907984,179
2023-08-15,0.0003731330613432624,186
2023-08-16,0.01807450679924831,198
2023-08-17,0.013146334458984804,200
2023-08-18,0.013777001342664744,195
2023-08-21,0.007365081029099226,193
2023-08-22,0.006002845733552158,208
2023-08-23,-0.019911932244664747,203
2023-08-24,-0.010188278512109648,222
2023-08-25,-0.015390434875215978,212
2023-08-28,-0.033877788059497954,218
2023-08-29,-0.04992164114543054,208
2023-08-30,-0.046450498174402714,210
2023-08-31,-0.047050711325367874,210
2023-09-01,-0.05133436664517404,199
2023-09-05,-0.058885282075610675,207
2023-09-06,-0.045873866047148555,207
2023-09-07,-0.0471456605631362,190
2023-09-08,-0.038977804117353375,190
2023-09-11,-0.039674437737717505,202
2023-09-12,-0.029095416901605893,175
2023-09-13,-0.02992768789680365,173
2023-09-14,-0.04461634994495059,177
2023-09-15,-0.03629350634585349,196
2023-09-18,-0.025494128886083302,189
2023-09-19,-0.02146087228169827,186
2023-09-20,-0.029275955391528836,199
2023-09-21,-0.01807605265383646,224
2023-09-22,-0.025105288984377645,231
2023-09-25,-0.030893332361876073,234
2023-09-26,-0.010159867930127001,239
2023-09-27,-0.020885746829370447,234
2023-09-28,-0.03698434226079715,246
2023-09-29,-0.04451031020525978,224
2023-10-02,-0.026532503918580568,223
2023-10-03,-0.0074227892813059975,225
2023-10-04,-0.005023905066567868,239
2023-10-05,0.017475354603660606,227
2023-10-06,0.017081939792591358,229
2023-10-09,0.011640365560731237,225
2023-10-10,0.006882054548705932,239
2023-10-11,0.004749449272406721,250
2023-10-12,0.00045051971095089703,255
2023-10-13,0.016743233315420932,254
2023-10-16,0.004868601168847256,276
2023-10-17,0.02177974393851235,275
2023-10-18,0.04106871003736456,340
2023-10-19,0.04434403787123386,370
2023-10-20,0.05792256380292029,397
2023-10-23,0.0662915488815334,383
2023-10-24,0.056261451326264575,396
2023-10-25,0.07217766326901696,392
2023-10-26,0.0841922844181672,342
2023-10-27,0.09061040992160123,350
2023-10-30,0.07563322728922993,437
2023-10-31,0.07116201398720151,395
2023-11-01,0.06873242241414884,397
2023-11-02,0.055648333658958375,462
2023-11-03,0.043134393259131015,479
2023-11-06,0.039661708241667676,463
2023-11-07,0.035213539158761485,470
2023-11-08,0.04246567787770865,442
2023-11-09,0.05494836290790959,431
2023-11-10,0.04854053187135719,465
2023-11-13,0.05316844292063783,470
2023-11-14,0.04808248941249925,534
2023-11-15,0.04850363863667429,528
2023-11-16,0.052093953535134546,495
2023-11-17,0.05412395516095655,474
2023-11-20,0.056125325762504216,466
2023-11-21,0.04215722760135633,454
2023-11-22,0.0488891340823461,428
2023-11-24,0.04709841654635569,429
2023-11-27,0.05504015203670065,442
2023-11-28,0.05698265391796044,447
2023-11-29,0.056586819887521005,432
2023-11-30,0.04848980750142392,417
2023-12-01,0.04124229945103737,436
2023-12-04,0.037434601427189663,426
2023-12-05,0.039294802165159924,426
2023-12-06,0.04454439617950094,440
2023-12-07,0.049571857650102684,439
2023-12-08,0.04390779457392509,435
2023-12-11,0.040000558377492154,423
2023-12-12,0.034752882457519035,410
2023-12-13,0.021989516005460685,418
2023-12-14,0.01261481808057904,368
2023-12-15,0.005840442572141333,331
2023-12-18,0.008027367434606632,325
2023-12-19,0.012742951679375095,329
2023-12-20,0.028404042336393247,347
2023-12-21,0.021685445712399193,361
2023-12-22,0.02215790017920901,363
2023-12-26,0.02318331663433791,359
2023-12-27,0.022352769482602296,358
2023-12-28,0.027771383104003428,332
2023-12-29,0.030799621850256222,336
2024-01-02,0.01865556457071397,343
2024-01-03,0.03534580425916377,343
2024-01-04,0.042657333914289795,349
2024-01-05,0.0342620211865695,352
2024-01-08,0.026315768186737757,366
2024-01-09,0.03270840026005995,374
2024-01-10,0.03078930410134743,375
2024-01-11,0.03408186534426143,368
2024-01-12,0.03640499691931848,367
2024-01-16,0.027300450649380307,356
2024-01-17,0.04097956812912416,363
2024-01-18,0.04199060441766463,360
2024-01-19,0.02452422217300703,362
2024-01-22,0.020364986516881088,365
2024-01-23,0.02102580454604587,349
2024-01-24,0.035187088360476404,342
2024-01-25,0.03202393322891938,310
2024-01-26,0.028013333177900064,280
2024-01-29,0.022353490667340246,291
2024-01-30,0.021206317754569402,277
2024-01-31,0.03860826514656512,262
2024-02-01,0.03564105132963172,262
2024-02-02,0.028326017542822695,244
2024-02-05,0.026417966013877754,247
2024-02-06,0.027232765796768407,246
2024-02-07,0.030131646595966233,225
2024-02-08,0.02580677733902455,198
2024-02-09,0.027257994336462383,197
2024-02-12,0.03283760347272192,176
2024-02-13,0.04524173300392659,197
2024-02-14,0.03188680825806384,204
2024-02-15,0.016606735447918977,196
2024-02-16,0.028245279148544085,199
2024-02-20,0.03622589526531203,201
2024-02-21,0.04124961077490093,198
2024-02-22,0.03113150869943123,210
2024-02-23,0.023749013315034838,210
2024-02-26,0.024015310344216414,206
2024-02-27,0.02008265365419195,213
2024-02-28,0.0311453684850709,216
2024-02-29,0.02798835309026194,209
2024-03-01,0.01741055796267318,212
2024-03-04,0.011227016590599378,199
2024-03-05,0.0191511448304847,204
2024-03-06,0.002352625405373154,205
2024-03-07,0.003989710577012459,203
2024-03-08,0.007652134646418241,195
2024-03-11,0.007014042180673867,216
2024-03-12,-0.011713473713351602,191
2024-03-13,-0.0074496863488531205,182
2024-03-14,-0.01644975431938502,176
2024-03-15,-0.016880893516297797,170
2024-03-18,-0.024146816186779115,171
2024-03-19,-0.0295359346953759,145
2024-03-20,-0.038223490272226504,144
2024-03-21,-0.044377136685508314,138
2024-03-22,-0.03218444606354595,140
2024-03-25,-0.018573036967171355,142
2024-03-26,-0.013572027958398087,142
2024-03-27,-0.029355953567163338,144
2024-03-28,-0.025536601415547665,129
2024-04-01,-0.01638775905579826,126
2024-04-02,-0.022731492678388796,138
2024-04-03,-0.02802990003238522,134
2024-04-04,-0.00790579965599059,138
2024-04-05,-0.006683134570304965,145
2024-04-08,0.00068654252565244,141
2024-04-09,-0.0008523968729781554,143
2024-04-10,0.011930715054581986,166
2024-04-11,0.01367852421647538,165
2024-04-12,0.03092188877054104,184
2024-04-15,0.03905360642387322,185
2024-04-16,0.043940465180724995,176
2024-04-17,0.0551310575547484,171
2024-04-18,0.053825171076662265,186
2024-04-19,0.057928784800386025,194
2024-04-22,0.048689489275188326,192
2024-04-23,0.038842140902146216,205
2024-04-24,0.03518052643745167,196
2024-04-25,0.02853394046439056,178
2024-04-26,0.026189613688170056,172
2024-04-29,0.017638507154692683,178
2024-04-30,0.022403522726760074,192
2024-05-01,0.024178123139405504,181
2024-05-02,0.02880231097193947,180
2024-05-03,0.016653029648807983,184
2024-05-06,0.011246129587682709,189
2024-05-07,0.01652899647088785,191
2024-05-08,0.015577826994485164,189
2024-05-09,0.009037620703917441,170
2024-05-10,0.00569805001897238,161
2024-05-13,0.000674019894005764,167
2024-05-14,-0.00047980472464788197,165
2024-05-15,-0.008923815135712212,175
2024-05-16,-0.004431490283317605,174
2024-05-17,-8.374338408940075e-05,160
2024-05-20,0.004231255218411917,157
2024-05-21,0.006909258387244193,156
2024-05-22,0.009189960611577692,158
2024-05-23,0.022239080396053143,184
2024-05-24,0.01569264386531142,168
2024-05-28,0.01947516844938539,171
2024-05-29,0.029482352136034038,188
2024-05-30,0.02925497785467469,183
2024-05-31,0.016888159424977664,211
2024-06-03,0.024880724602025547,203
2024-06-04,0.025123510408549397,201
2024-06-05,0.023660359984198923,195
2024-06-06,0.020809816142857842,199
2024-06-07,0.020464376386549167,193
2024-06-10,0.028544081067812133,195
2024-06-11,0.030687495295001303,194
2024-06-12,0.032835783046288654,178
2024-06-13,0.035086064205888945,175
2024-06-14,0.04411426169068275,178
2024-06-17,0.03447072910964664,179
2024-06-18,0.024430871817231192,175
2024-06-20,0.013792344916098327,164
2024-06-21,0.018371380182565927,172
2024-06-24,0.011677983541596373,150
2024-06-25,0.0023202561015193395,160
2024-06-26,0.0020759507158956978,150
2024-06-27,0.013353456802670919,138
2024-06-28,0.017360496099135925,143
2024-07-01,0.015829692349064863,132
2024-07-02,0.02189953775007806,127
2024-07-03,0.006906173639232209,126
2024-07-05,-0.012497700180234736,131
2024-07-08,-0.03689836068494148,117
2024-07-09,-0.028178622700202688,119
2024-07-10,-0.04272872176734148,116
2024-07-11,-0.02010855763271007,119
2024-07-12,-0.02310059609423536,115
2024-07-15,-0.027899806562458402,116
2024-07-16,-0.023420420668273517,127
2024-07-17,-0.017656886351547788,143
2024-07-18,0.0064401625428185914,158
2024-07-19,0.016322506507349815,161
2024-07-22,0.019462747062914457,162
2024-07-23,0.023790022365089144,160
2024-07-24,0.039824314469446835,181
2024-07-25,0.03305734825524372,177
2024-07-26,0.03052233376405956,178
2024-07-29,0.030561343549789736,175
2024-07-30,0.0342970484787574,192
2024-07-31,0.01751474417314757,189
2024-08-01,0.03224569164898163,194
2024-08-02,0.055834031002937275,194
2024-08-05,0.06648403386824231,244
2024-08-06,0.06032179084107826,244
2024-08-07,0.06219814282168626,234
2024-08-08,0.026780167422916452,262
2024-08-09,0.037774225753587264,263
2024-08-12,0.04362620947487489,259
2024-08-13,0.0326843472422499,272
2024-08-14,0.035227946634749416,274
2024-08-15,0.024816260808895867,280
2024-08-16,0.02639904750829044,286
2024-08-19,0.017664069692353207,294
2024-08-20,0.014734560557179307,274
2024-08-21,0.02609131135084259,282
2024-08-22,0.03213702018246397,276
2024-08-23,0.02519821496025672,266
2024-08-26,0.02643792922304431,270
2024-08-27,0.02136868860414426,254
2024-08-28,0.0318884903515947,267
2024-08-29,0.03115461831199932,263
2024-08-30,0.025524371872224897,272
2024-09-03,0.035265569503816825,288
2024-09-04,0.0332448921618791,286
2024-09-05,0.033206786114308676,297
2024-09-06,0.0573411536347692,310
2024-09-09,0.03560394598421132,336
2024-09-10,0.03723260788560478,332
2024-09-11,0.04030456095215018,354
2024-09-12,0.030572183162664586,357
2024-09-13,0.03179994841495026,335
2024-09-16,0.0327546133494058,342
2024-09-17,0.028351864326331477,343
2024-09-18,0.0385823618103541,348
2024-09-19,0.023507222689248694,363
2024-09-20,0.027323283581433124,368
2024-09-23,0.018380055344789592,370
2024-09-24,0.015450199277828317,370
2024-09-25,0.012339457915514043,390
2024-09-26,0.01006909331380586,386
2024-09-27,0.004663046867141254,388
2024-09-30,0.004752397258326319,387
2024-10-01,0.00919254479208386,389
2024-10-02,0.006567218539243528,394
2024-10-03,0.002165013689526804,398
2024-10-04,-0.003416316912166432,407
2024-10-07,0.001633875074742398,417
2024-10-08,0.0046705206323945335,420
2024-10-09,0.021541611406636664,409
2024-10-10,0.028881800429958214,429
2024-10-11,0.026954947137543626,411
2024-10-14,0.023720756520158825,411
2024-10-15,0.02203992765798813,419
2024-10-16,0.016703185419437664,421
2024-10-17,0.012473978523537075,396
2024-10-18,0.00018477859277017152,386
2024-10-21,0.010416583535876652,377
2024-10-22,0.008817113086404045,369
2024-10-23,0.016175979302337447,377
2024-10-24,0.02324733771401457,344
2024-10-25,0.033606887030488704,355
2024-10-28,0.035176656659092254,327
2024-10-29,0.03828872776804588,212
2024-10-30,0.03998745506436788,204
2024-10-31,0.05418455948009504,203
2024-11-01,0.05010030580404714,168
2024-11-04,0.05154264211980771,167
2024-11-05,0.04404649293659972,167
2024-11-06,0.016412638402312305,241
2024-11-07,0.015285696185050051,235
2024-11-08,0.0024756685111001946,215
2024-11-11,-0.0029443179740063817,204
2024-11-12,0.0069000253783441205,201
2024-11-13,-0.0013035148924629945,192
2024-11-14,0.004483832330789352,187
2024-11-15,0.01225089620728737,189
2024-11-18,0.005566219179238954,196
2024-11-19,-0.018032570493233098,188
2024-11-20,-0.022379452916288903,183
2024-11-21,-0.021754728714923573,180
2024-11-22,-0.023793482347066026,178
2024-11-25,-0.01827923495803191,176
2024-11-26,-0.019861326785776002,165
2024-11-27,-0.02540699874302233,166
2024-11-29,-0.04180031784758643,170
