date,split,y,yhat
2020-01-02,val,-0.0103499336544954,0.0012748112259597585
2020-01-03,val,0.0072510890355664,-0.0022351884928680024
2020-01-06,val,0.0219824212941775,-0.002608938060344547
2020-01-07,val,0.0320301309483285,0.00023527386583418325
2020-01-08,val,0.0283705403955475,0.0003880789099322754
2020-01-09,val,0.0187634494208627,0.0009048090694866104
2020-01-10,val,0.0311202214613738,0.003059673567593922
2020-01-13,val,0.0263896377159446,0.0008645285495533991
2020-01-14,val,0.0341117689743003,-0.0004096655931152618
2020-01-15,val,0.0317077974846422,0.0012703112404481506
2020-01-16,val,0.0254174181929442,0.0032596020829447
2020-01-17,val,0.0190562434330111,-0.0005444664549762793
2020-01-21,val,0.0282733005666803,-0.0020626195175951004
2020-01-22,val,0.0226623753814507,-0.0017889412099641247
2020-01-23,val,0.0133096811135167,-0.0016880186463275396
2020-01-24,val,-0.011713138627851,0.0006949317595752666
2020-01-27,val,-0.0259915970039959,0.0018686059271578945
2020-01-28,val,-0.0391535504486015,0.0009990234132489992
2020-01-29,val,-0.0808465314773228,-0.0007392463688288622
2020-01-30,val,-0.0909786854515616,-0.0013804248820259227
2020-01-31,val,-0.0270158686145013,-0.00043636994537319534
2020-02-03,val,-0.0659736990033722,-0.005346758152380816
2020-02-04,val,-0.0427323173079309,0.0005749226474780697
2020-02-05,val,-0.0849431262125892,0.00228309580994087
2020-02-06,val,-0.1023890480173608,0.0015539482420236159
2020-02-07,val,-0.1776836557710029,0.0017887595839521028
2020-02-10,val,-0.1364291929728013,0.0028306894185723616
2020-02-11,val,-0.1871423281784438,0.0033527019325431326
2020-02-12,val,-0.2946470796787622,0.0027877197368897585
2020-02-13,val,-0.2010870318445779,0.0021094025827633964
2020-02-14,val,-0.3312803624704954,0.001348504771719626
2020-02-18,val,-0.2735299385604197,0.0012062332369493708
2020-02-19,val,-0.3351349656121561,0.00021939163477215778
2020-02-20,val,-0.3146054852411895,9.461940719898004e-05
2020-02-21,val,-0.35017460096246,-0.0011070936234241838
2020-02-24,val,-0.338824584761394,-0.0008863272555781135
2020-02-25,val,-0.2146669889451725,0.001601895517355921
2020-02-26,val,-0.2029022479279578,-0.00045113713686643214
2020-02-27,val,-0.0993613356700864,0.010530423379351748
2020-02-28,val,-0.1280987385026017,0.006804838598206207
2020-03-02,val,-0.1403549311698395,0.012704079999031802
2020-03-03,val,-0.1281005747355335,0.014823408588165464
2020-03-04,val,-0.2123632921471735,0.023811329425211768
2020-03-05,val,-0.1477496328297364,0.02979239423847959
2020-03-06,val,-0.1498945573298682,0.029881142595338327
2020-03-09,val,-0.005821655062726,0.039986826874560615
2020-03-10,val,-0.0585187549643009,0.04207365385491934
2020-03-11,val,0.0177437497428219,0.04388192680238836
2020-03-12,val,0.1286394396982287,0.047842434496011214
2020-03-13,val,0.0291368120042878,0.04732764729718355
2020-03-16,val,0.1854681931137441,0.04876341290056601
2020-03-17,val,0.1069736885432698,0.0488544516917127
2020-03-18,val,0.1658786638393526,0.04844326393717587
2020-03-19,val,0.1791745192256091,0.047749273640556554
2020-03-20,val,0.2044686804336101,0.04765591882843683
2020-03-23,val,0.1955438971615234,0.04705748552248331
2020-03-24,val,0.1254069089586204,0.04785589118568039
2020-03-25,val,0.1149431874077126,0.04701008195399222
2020-03-26,val,0.0690166839976867,0.04751552259246824
2020-03-27,val,0.1213336244628184,0.04751552259246824
2020-03-30,val,0.0833913402407746,0.04760916863851194
2020-03-31,val,0.1207016317420674,0.04751552259246824
2020-04-01,val,0.1524778996664996,0.04765591882843683
2020-04-02,val,0.0941680867515713,0.048028174993114674
2020-04-03,val,0.1137724971940137,0.047935401558049144
2020-04-06,val,0.0560095958634447,0.04780931509917521
2020-04-07,val,0.0522201884774988,0.04780931509917521
2020-04-08,val,0.0330785686541232,0.04776269049171732
2020-04-09,val,0.0412072481485163,0.04780931509917521
2020-04-13,val,0.0477545323137701,0.04724661175516597
2020-04-14,val,-0.0013784233821012,0.047421682195928565
2020-04-15,val,0.0024540809871746,0.047280556862996
2020-04-16,val,0.0123751605299659,0.04737468906868702
2020-04-17,val,-0.0141731645923502,0.04701008195399222
2020-04-20,val,0.0377742842690805,0.046915128285244016
2020-04-21,val,0.058077957068131,0.04705748552248331
2020-04-22,val,0.0524230922282743,0.04710484026955871
2020-04-23,val,0.0472787387229446,0.04701008195399222
2020-04-24,val,0.0344164009229481,0.04705748552248331
2020-04-27,val,0.0303127092124883,0.046962629547158706
2020-04-28,val,0.0541113196723246,0.046915128285244016
2020-04-29,val,0.0285778887897237,0.04705748552248331
2020-04-30,val,0.0448350866551399,0.046915128285244016
2020-05-01,val,0.0743915695635334,0.0471862299338471
2020-05-04,val,0.0802464165802821,0.0471862299338471
2020-05-05,val,0.0878270209816976,0.0471862299338471
2020-05-06,val,0.0948813061427316,0.047233417747881944
2020-05-07,val,0.1070008054655627,0.0470917081380186
2020-05-08,val,0.1009892987583452,0.0471862299338471
2020-05-11,val,0.0945581893498958,0.04704437412131051
2020-05-12,val,0.1099002275878529,0.047138993403077194
2020-05-13,val,0.0668157234537172,0.0470917081380186
2020-05-14,val,0.065522381811456,0.047138993403077194
2020-05-15,val,0.072170121074082,0.04704437412131051
2020-05-18,val,0.0557200626728759,0.04704437412131051
2020-05-19,val,0.0631821564757209,0.047138993403077194
2020-05-20,val,0.0474137069982104,0.04704437412131051
2020-05-21,val,0.0504773196094592,0.0471862299338471
2020-05-22,val,0.0543870809593631,0.046996991335795095
2020-05-26,val,0.0444687430971291,0.046949559764572206
2020-05-27,val,0.0032989297274273,0.04637656977380091
2020-05-28,val,0.0200374319082596,0.046232221098310065
2020-05-29,val,-0.0127946626155733,0.04589369105253371
2020-06-01,val,0.0003510778906151,0.04550385276541829
2020-06-02,val,0.0062174229671736,0.04569916513997315
2020-06-03,val,-0.0036458938149658,0.043761246591234114
2020-06-04,val,0.0025724330126416,0.04299591707147179
2020-06-05,val,-0.0026297354369552,0.04263496650326667
2020-06-08,val,-0.0244621657667215,0.037621183524560585
2020-06-09,val,-0.0119066150946628,0.03422220729969152
2020-06-10,val,-0.0123025501005291,0.018540393939409337
2020-06-11,val,0.063750743971391,0.023047369116297033
2020-06-12,val,0.0444956555864708,0.024826727218025167
2020-06-15,val,0.049672714898348,0.02968065007610051
2020-06-16,val,0.0409518513818423,0.02656837628618871
2020-06-17,val,0.042939099788879,0.027516140506070506
2020-06-18,val,0.042170861421618,0.022721899320997628
2020-06-19,val,0.0524171928263884,0.025851328016191687
2020-06-22,val,0.0521079678011005,0.017815915962629846
2020-06-23,val,0.0542366583762084,0.016848350098232233
2020-06-24,val,0.0667062460526857,0.015350873648517581
2020-06-25,val,0.0518797268764608,0.01522745362999569
2020-06-26,val,0.0878548456016244,0.013956841897309745
2020-06-29,val,0.0670103956016673,0.015622327069523843
2020-06-30,val,0.0625341261319895,0.01548541219139745
2020-07-01,val,0.0542773440459299,0.0034583951647102137
2020-07-02,val,0.0481297426609785,0.004404893872195913
2020-07-06,val,0.0373271973501723,0.002812287852763294
2020-07-07,val,0.053122682254591,0.0037870225743176986
2020-07-08,val,0.054862362982387,0.004321636403249861
2020-07-09,val,0.0656238428030703,0.0017466003118518855
2020-07-10,val,0.0541665600226344,0.0016428455310713783
2020-07-13,val,0.0639237675538128,0.003688622762536696
2020-07-14,val,0.045677843293647,0.003626190181025911
2020-07-15,val,0.0532711801234307,0.00385978351726126
2020-07-16,val,0.0515237493359547,0.003215384574434453
2020-07-17,val,0.0507968373023885,0.006059377673075371
2020-07-20,val,0.0484207255026339,0.006648167163231154
2020-07-21,val,0.0453174865377982,0.005524313891109488
2020-07-22,val,0.0367179711748325,0.0065458841627535555
2020-07-23,val,0.0499042005583197,0.007538814637238454
2020-07-24,val,0.0572163542162643,0.005026049119108887
2020-07-27,val,0.0599416581998634,0.005225169344647916
2020-07-28,val,0.0706725065487186,0.005429496028902768
2020-07-29,val,0.0731538371189457,0.006682544121484134
2020-07-30,val,0.0778923861842165,0.005741622936593603
2020-07-31,val,0.085852321086576,0.005082931378988874
2020-08-03,val,0.0775895611494803,0.0002561686301861474
2020-08-04,val,0.0777580665266165,0.0009389092736555513
2020-08-05,val,0.0848806182916638,0.0024381545026768356
2020-08-06,val,0.0474078765379081,0.00334240384129033
2020-08-07,val,0.0390232473269124,0.004120415146075217
2020-08-10,val,0.0080655287741735,0.00640346342080108
2020-08-11,val,0.0317737371167785,0.0071801903887220506
2020-08-12,val,0.0020467136280669,0.0075321935468307885
2020-08-13,val,0.0102745016530198,0.006146582280811851
2020-08-14,val,0.0235489363600967,0.007194384726601187
2020-08-17,val,0.0266231131724929,0.008522754413363663
2020-08-18,val,0.0218126291646143,0.008505140439888446
2020-08-19,val,0.017790646138088,0.007354870954203195
2020-08-20,val,0.0064898556627509,0.00639395581673393
2020-08-21,val,-0.0102966368699377,0.006312606187476942
2020-08-24,val,-0.0154807359159107,0.004001587920633452
2020-08-25,val,-0.0428858688210116,0.005271523714681835
2020-08-26,val,-0.0517166830874229,0.00824386555825548
2020-08-27,val,-0.0407192920241327,0.009107645994364054
2020-08-28,val,-0.0329402597762517,0.009398996982002826
2020-08-31,val,-0.0362720631695899,0.009183196251841573
2020-09-01,val,-0.0339392523289164,0.011505521530738493
2020-09-02,val,-0.0448456705889531,0.009620562058178649
2020-09-03,val,-0.0229405273908229,0.003604982133332789
2020-09-04,val,-9.172030428734183e-05,0.0018144659919072312
2020-09-08,val,0.0146923089790537,0.007621143704140597
2020-09-09,val,0.0140421238216492,0.007133871392172607
2020-09-10,val,0.0347804000218674,0.00670916509352406
2020-09-11,val,0.0382074012321909,0.0076396295439197445
2020-09-14,val,0.036992393320127,0.009016785820126515
2020-09-15,val,0.0269789297203503,0.009103705597661514
2020-09-16,val,0.0232364710027615,0.007558734652350817
2020-09-17,val,0.0272617617620631,0.007684164406609149
2020-09-18,val,0.0388391243883693,0.008251930583441335
2020-09-21,val,0.0351985806042082,0.008678710146208989
2020-09-22,val,0.0318932041515447,0.003016334557232679
2020-09-23,val,0.0485841244161286,0.005737541206587281
2020-09-24,val,0.0510326037842305,0.0045026326895232435
2020-09-25,val,0.0411176577649919,0.004085862648965453
2020-09-28,val,0.0066971846923857,0.00574521755358539
2020-09-29,val,0.0051884505798064,0.0038879938548193813
2020-09-30,val,-0.037969162629162,0.004667004756325664
2020-10-01,val,-0.0309181009809815,0.003944023229901471
2020-10-02,val,-0.0298842875056536,0.0049749256704545095
2020-10-05,val,-0.0352126249052581,0.004128509093370501
2020-10-06,val,-0.0036960214276194,0.004520959628456188
2020-10-07,val,-0.0048780560263236,0.004640967053414956
2020-10-08,val,0.0070978125801527,0.007651344129249359
2020-10-09,val,0.0010864713185847,0.008391944877051881
2020-10-12,val,0.0069109964852816,0.010381697070039851
2020-10-13,val,0.0103849307718202,0.007530306525141105
2020-10-14,val,0.024995520254747,0.004910974019548119
2020-10-15,val,0.0197343393252711,0.005239403550425868
2020-10-16,val,0.0297607474316933,0.0035971915489301995
2020-10-19,val,0.0579304375099153,0.001277686751366601
2020-10-20,val,0.0540028404624977,0.0014943947263508436
2020-10-21,val,0.0508121118584955,0.0010777233494373081
2020-10-22,val,0.0487395966848921,0.0021864935419862105
2020-10-23,val,0.0386533236794598,0.0016012606956140804
2020-10-26,val,0.0665416782565089,-0.0017132015111150714
2020-10-27,val,0.0908187310555791,-0.0013183071544913064
2020-10-28,val,0.123574796825903,-0.0012849847389711858
2020-10-29,val,0.1153935283072385,-0.001549342182809256
2020-10-30,val,0.1205784673592484,-0.0016156351061379151
2020-11-02,val,0.1169252745280597,-0.0014093621685513993
2020-11-03,val,0.1015870835805425,-0.0018280459910568828
2020-11-04,val,0.0826690568272654,-0.0005907638888526315
2020-11-05,val,0.0746272712341671,-0.0020923172019705408
2020-11-06,val,0.0736465322228674,-0.0007107680232563487
2020-11-09,val,0.0572126232737676,0.0025873493293810043
2020-11-10,val,0.0519564342312504,0.0020910110403625434
2020-11-11,val,0.0437175025389024,0.002799471083050585
2020-11-12,val,0.0512435326963307,0.0018113962950105575
2020-11-13,val,0.0339380546525636,0.00465775067929277
2020-11-16,val,0.0311556758032987,0.005152089438225503
2020-11-17,val,0.0314811831734007,0.004006784118629002
2020-11-18,val,0.0472546114874118,0.0025487316898100895
2020-11-19,val,0.0432133686338459,0.0023863276089649763
2020-11-20,val,0.0468900231543877,0.0028554669058162493
2020-11-23,val,0.0325251016180574,0.0036995912573803066
2020-11-24,val,0.016628956139081,0.002347744634569403
2020-11-25,val,0.021007501564755,0.003134556641321805
2020-11-27,val,0.0249416632310135,0.0036428986551876527
2020-11-30,val,0.0281029568878811,0.007513410070968916
2020-12-01,val,0.0214889441327381,0.006589577415236102
2020-12-02,val,0.0262899535717539,0.010665081546149278
2020-12-03,val,0.01545781685341,0.014073205734493853
2020-12-04,val,0.0108163270317521,0.01277726055860847
2020-12-07,val,0.0188022777627324,0.01508624907730629
2020-12-08,val,0.0292071106074243,0.01376650713841434
2020-12-09,val,0.0409517315446749,0.013451826612958705
2020-12-10,val,0.0384142792632062,0.014440491519398767
2020-12-11,val,0.0382371773818423,0.014280452601262837
2020-12-14,val,0.0438570168243113,0.01094689832472525
2020-12-15,val,0.0307992567892898,0.011454996485092482
2020-12-16,val,0.0228879149450449,0.011831722223278184
2020-12-17,val,0.0237551227095245,0.010116881130690168
2020-12-18,val,0.0355376566105418,0.00970976881599258
2020-12-21,val,0.0359620069438069,0.011609368420913056
2020-12-22,val,0.0381553276831274,0.010480864815192524
2020-12-23,val,0.0382568074418874,0.012377979606027288
2020-12-24,val,0.032584798140266,0.009728539513199429
2020-12-28,val,-0.0051365991778799,0.01097314355345421
2020-12-29,val,0.0079966381188804,0.011205784028422837
2020-12-30,val,-0.0123581200924866,0.015568509278709529
2020-12-31,val,-0.0086090129953412,0.012544687535357556
2021-01-04,test,0.0220351392382564,0.003481391448683334
2021-01-05,test,0.0146757994300858,0.004567298109888894
2021-01-06,test,0.0172512872236327,0.007341475067620472
2021-01-07,test,0.0087145311227063,0.01198247710706337
2021-01-08,test,0.010454166088106,0.011516623000291736
2021-01-11,test,0.0123066831146653,0.010276418861846014
2021-01-12,test,0.0126829295655266,0.008414401085579636
2021-01-13,test,0.0128309607399157,0.008965201447908543
2021-01-14,test,0.0200291246860071,-0.0056568966624810715
2021-01-15,test,0.0296351456675502,-0.00804937332420256
2021-01-19,test,0.0231708021812675,-0.005830337199382675
2021-01-20,test,0.0069068634137986,-0.010316683261879546
2021-01-21,test,0.0078495878829522,-0.010846283923332513
2021-01-22,test,0.0072216752072507,-0.010478449820135662
2021-01-25,test,0.0058009108786339,-0.009104420670865622
2021-01-26,test,0.0202908035291014,-0.00433612655605501
2021-01-27,test,0.030840612141487,-0.008061001097255195
2021-01-28,test,0.010723676117491,-0.007488085444982397
2021-01-29,test,0.0498363063391114,0.0007321604086869202
2021-02-01,test,0.0327040366951574,-0.0006332653150127113
2021-02-02,test,0.0029947543471231,-0.0011813661150670632
2021-02-03,test,-0.0081023666352645,-0.008530701444252033
2021-02-04,test,-0.0006509519844519,-0.006610272923921558
2021-02-05,test,-0.0073409504803794,-0.008469069279414022
2021-02-08,test,-0.0024439302409628,0.004001165311693443
2021-02-09,test,0.0065258424692509,0.003085235873821278
2021-02-10,test,0.0139054673859248,-0.0005473646846245531
2021-02-11,test,0.0144716515820734,-0.0017568980704760553
2021-02-12,test,0.0172461913912471,-0.0022143140474361403
2021-02-16,test,0.016399701860062,-0.0004050771447341797
2021-02-17,test,0.0174777386611047,0.004507620309340397
2021-02-18,test,0.0093458504456746,0.00829357309570452
2021-02-19,test,0.0100847480659965,-0.00011421395472730606
2021-02-22,test,0.021196487498077,-0.0022083402042575653
2021-02-23,test,0.0134725817102881,-0.0024747548277019096
2021-02-24,test,-0.003106402796423,0.00043613105651892775
2021-02-25,test,0.0226499762044401,-0.00391814868123317
2021-02-26,test,0.0482885310344216,-0.002500845677499232
2021-03-01,test,0.0282703209276364,0.006916894492473923
2021-03-02,test,0.0303426447463779,0.008319068458080968
2021-03-03,test,0.0442152814656746,0.0018768685028091245
2021-03-04,test,0.067255535000559,0.005619397180866258
2021-03-05,test,0.0611143436925607,0.005589904873619898
2021-03-08,test,0.0632723574790592,0.00390836446560535
2021-03-09,test,0.0510484646354016,-0.00020160884587758915
2021-03-10,test,0.0473885275441399,-0.00017577160015217613
2021-03-11,test,0.0477085101318861,-0.0026020000570000992
2021-03-12,test,0.0462777460679438,-0.002393398266933945
2021-03-15,test,0.0416544578390472,-0.001019461075937568
2021-03-16,test,0.039279533049615,-0.0013710411496580602
2021-03-17,test,0.0485116878793283,-0.0027195665251398063
2021-03-18,test,0.0656874063297272,-0.0034185411117911083
2021-03-19,test,0.0610769858716849,0.0002855695760030849
2021-03-22,test,0.0462853975541891,-0.0006941569558728058
2021-03-23,test,0.0599136687858502,-0.0011470883658533451
2021-03-24,test,0.0542590619435717,-0.0009355406447503559
2021-03-25,test,0.0584738218870852,0.0003017324537024843
2021-03-26,test,0.0419914016318033,0.005793835544623337
2021-03-29,test,0.0421730948449326,0.0023137069263005836
2021-03-30,test,0.0427709986412311,0.0036249554766559985
2021-03-31,test,0.0482469292413892,-0.0005844979835878741
2021-04-01,test,0.0309903181696224,0.0007614554240484503
2021-04-05,test,0.023826224104349,0.00037928491768653844
2021-04-06,test,0.0194405907185697,-0.0004244177813450892
2021-04-07,test,0.0215504417824251,0.0036380864234801455
2021-04-08,test,0.027951108758878,0.002470580486283923
2021-04-09,test,0.0281901482660259,0.0029274861211780676
2021-04-12,test,0.0192470768157664,0.0031857210356061247
2021-04-13,test,0.0088605489068685,0.006281083148931187
2021-04-14,test,-0.0069482647349325,0.010217908014986309
2021-04-15,test,-0.0074542393879366,0.008149662104879461
2021-04-16,test,0.0006793652768562,0.011577017467823768
2021-04-19,test,0.0041804145836501,0.012503997602411852
2021-04-20,test,0.0033732065574371,0.013240513631541516
2021-04-21,test,-0.0066458372899693,0.016014990287813467
2021-04-22,test,0.0140640183008228,0.015182680242714873
2021-04-23,test,0.0042016216094415,-0.004289546344320862
2021-04-26,test,0.0115738053886998,-0.0025106604407374236
2021-04-27,test,0.0073855345036433,-0.005022854308631287
2021-04-28,test,0.0123051533791778,0.002652747750994798
2021-04-29,test,0.006180208628321,-0.004710246477151715
2021-04-30,test,0.015128342382826,5.166323693314018e-05
2021-05-03,test,0.0092230647358383,-0.004145705434737891
2021-05-04,test,0.0161757219006295,-0.0018142419738509177
2021-05-05,test,0.0111868180380429,-0.004707749831923326
2021-05-06,test,0.0099980048986174,-0.008048366552033871
2021-05-07,test,-8.367579758952141e-05,-0.004783661922970174
2021-05-10,test,0.0070855222329714,-0.004901086789359944
2021-05-11,test,0.0134308362914662,-0.006837579501502912
2021-05-12,test,0.0353434205521015,-0.0029412213320031202
2021-05-13,test,0.0261517985381934,-0.0026530739888831825
2021-05-14,test,0.0144746159292468,-0.003090462513756366
2021-05-17,test,0.0145487010454714,0.0012167562200639179
2021-05-18,test,0.0169316929366747,0.001006495949145668
2021-05-19,test,0.0195769548202939,0.0019776740408803603
2021-05-20,test,-0.003208885830274,0.0033810196698101577
2021-05-21,test,0.0103116222584885,0.004126979263542295
2021-05-24,test,0.0072978662742594,0.003091549756875721
2021-05-25,test,0.0088286831132351,0.00394265682215713
2021-05-26,test,0.0140472315965917,0.001612953271517302
2021-05-27,test,0.0175316659572246,-0.0012783873109928137
2021-05-28,test,0.0162774637686662,-0.0037351105156926204
2021-06-01,test,0.0184296361242816,-0.0020388707334551906
2021-06-02,test,0.0203738424614481,-0.0021246699821453677
2021-06-03,test,0.0276809737790369,-0.0011311655332629025
2021-06-04,test,0.0252694641608019,-0.0012200570060476937
2021-06-07,test,0.0239533004398432,-0.006678685896448745
2021-06-08,test,0.0279162577343806,-0.0044712139577719814
2021-06-09,test,0.0215332436239747,-0.0016245535204297626
2021-06-10,test,0.0288820595836194,-0.0009823923780807112
2021-06-11,test,0.0312047388316527,-0.0010415708425619355
2021-06-14,test,0.0277070335235292,0.0019283549270994946
2021-06-15,test,0.0319625471215869,0.00047138330886711127
2021-06-16,test,0.0361450502451984,-0.0026012284608016092
2021-06-17,test,0.0296290649725499,0.003047026603483681
2021-06-18,test,0.0276386254769714,0.0038894434350310245
2021-06-21,test,0.0272111362473037,-0.0006948742120176724
2021-06-22,test,0.0309306867678753,0.004841621876455503
2021-06-23,test,0.0342837423582789,0.00040704080718392127
2021-06-24,test,0.0349298488177145,-0.001043517889243041
2021-06-25,test,0.0310238639833591,0.004650422570910716
2021-06-28,test,0.0263400913438059,-0.0005348939621986695
2021-06-29,test,0.0251526127720853,-0.00017194265449214235
2021-06-30,test,0.0276759919748482,-0.004076900729253298
2021-07-01,test,0.0191564559624744,-0.0013878304850966985
2021-07-02,test,0.0100408861883951,-0.0023928517233667637
2021-07-06,test,0.0217746435677234,-0.0001773223572464691
2021-07-07,test,0.014504825095249,0.0016005971485921963
2021-07-08,test,0.0287586622529642,-0.0007207197549908076
2021-07-09,test,0.0191156174946036,0.0012972285543352488
2021-07-12,test,0.0136051091777683,-0.0012368135074149259
2021-07-13,test,0.0189312388827688,-0.0014638985916271344
2021-07-14,test,0.0215199577919784,-0.0022575054462842595
2021-07-15,test,0.0261795028938811,-0.003198628279448869
2021-07-16,test,0.0360628355927198,-0.0015308083956503196
2021-07-19,test,0.0523873398434509,-0.0025022238870587646
2021-07-20,test,0.0332972681451899,-0.003355469396418377
2021-07-21,test,0.0145565113393634,0.0033476970658962366
2021-07-22,test,0.0125252924867391,0.0004417214867136407
2021-07-23,test,0.0110132437532894,-0.0011714649294607762
2021-07-26,test,0.01818032471355,-0.0021327976571594368
2021-07-27,test,0.0217742470176414,-0.0021654338159612166
2021-07-28,test,0.0238083086036935,-0.006639173600408589
2021-07-29,test,0.0128638680234125,-0.004774197586109898
2021-07-30,test,0.0238914665428745,-0.004785737708490702
2021-08-02,test,0.0285329518551396,-0.0048295622781418315
2021-08-03,test,0.0191913445527581,-0.007223901148781721
2021-08-04,test,0.0219862894456286,-0.0033809216656854116
2021-08-05,test,0.0197058152233285,-0.0026862523656532647
2021-08-06,test,0.01746185301514,-0.005236382074389069
2021-08-09,test,0.0138830381450624,-0.004620727227377809
2021-08-10,test,0.0098003535062842,-0.0074876998712123735
2021-08-11,test,0.0001904260320506,-0.0065674189211603964
2021-08-12,test,-0.0066261632047791,-0.007235234493749833
2021-08-13,test,-0.0067536235946002,-0.0068553709097472285
2021-08-16,test,-0.0159751247563967,-0.00564029795215535
2021-08-17,test,-0.0030309825286483,-0.0049854407201847875
2021-08-18,test,0.0050239338691533,0.0022144901213866017
2021-08-19,test,-0.0014222606053705,0.0008543343315349436
2021-08-20,test,-0.0243460211322205,-0.0007883146831077284
2021-08-23,test,-0.0332235182322034,-0.0007388683940053112
2021-08-24,test,-0.0245295311937684,8.443648616242999e-05
2021-08-25,test,-0.0126434917665905,0.0011193686872023809
2021-08-26,test,-0.006320056697266,0.0017023811731731384
2021-08-27,test,-0.0143297015820436,-0.0012539941213164166
2021-08-30,test,-0.0343960319499549,-0.0003736112232028202
2021-08-31,test,-0.0299178191777712,-0.001545454354108279
2021-09-01,test,-0.0409120289855755,-0.0026074390717376952
2021-09-02,test,-0.0322235057019282,-0.002019953356106975
2021-09-03,test,-0.0426174305637035,-0.002431229693906335
2021-09-07,test,-0.0279382210055233,-0.0013176214315005833
2021-09-08,test,-0.0234401345030186,9.076611354760095e-05
2021-09-09,test,-0.009976627347697,2.441306541558358e-05
2021-09-10,test,-0.0073815141826693,0.0003764503370814118
2021-09-13,test,-0.018873951400828,-0.00018913160837483872
2021-09-14,test,-0.014425264738568,-0.0015703593333380797
2021-09-15,test,-0.01788368556826,0.0014294878177960255
2021-09-16,test,-0.0012184164092634,-0.0007270737253463957
2021-09-17,test,0.0144153392558855,0.0019013299948752102
2021-09-20,test,0.0332259147448544,0.00036553857110818017
2021-09-21,test,0.0420530087839722,0.00045060739941190503
2021-09-22,test,0.037616592763683,0.0014166759795089731
2021-09-23,test,0.0262613519356832,-0.0026920960098708382
2021-09-24,test,0.0279133633125436,0.0023119190553531274
2021-09-27,test,0.0341026257570342,0.005280016843653222
2021-09-28,test,0.0538863410226251,0.00968047713599409
2021-09-29,test,0.0430801360047939,0.007931374619830144
2021-09-30,test,0.0643295063726859,0.008552173978197984
2021-10-01,test,0.054104753008785,0.007536335380004609
2021-10-04,test,0.0684113285471147,0.00643318748816326
2021-10-05,test,0.0632800200173836,0.00785209103647052
2021-10-06,test,0.065667297901208,0.008448898839622986
2021-10-07,test,0.0632543148278785,0.006982116036668949
2021-10-08,test,0.0690878800829185,0.00964120298758183
2021-10-11,test,0.0798815301973492,0.008459914020147195
2021-10-12,test,0.0796188376219508,0.00428752576687793
2021-10-13,test,0.0713300000104264,0.003827025451113429
2021-10-14,test,0.056087805765616,0.009219243789750385
2021-10-15,test,0.0528239498812514,0.012904572486866349
2021-10-18,test,0.0501457176271681,0.010033129080307755
2021-10-19,test,0.0458577385323908,0.009010521164462625
2021-10-20,test,0.0375028806396294,0.008589468894284157
2021-10-21,test,0.03532687878978,0.00904771859425859
2021-10-22,test,0.029771094384866,0.0029992717905211394
2021-10-25,test,0.0224119373868264,0.006813032134870799
2021-10-26,test,0.0254829057080313,0.003459803983047259
2021-10-27,test,0.0368970812852895,0.004761257648692917
2021-10-28,test,0.0072475334387076,0.003635394198693985
2021-10-29,test,0.0139287651560915,0.003427410840070942
2021-11-01,test,-0.0095354423602459,0.002261839195728775
2021-11-02,test,-0.0252739615089676,0.006020706686925691
2021-11-03,test,-0.0158982934882292,0.007355604418369709
2021-11-04,test,-0.0271209530867688,0.005959269147759148
2021-11-05,test,-0.0203245825311011,0.007511103953899832
2021-11-08,test,-0.0058084377944134,0.005652782267937938
2021-11-09,test,-0.0030704287196028,0.005075540724631199
2021-11-10,test,-0.001936167628212,0.00016810955114911902
2021-11-11,test,0.0093847910400906,0.0009013512817780053
2021-11-12,test,-0.0042031812843431,-0.0015436172139670426
2021-11-15,test,-0.0081771849320834,0.0005229955054239718
2021-11-16,test,0.0026971584872308,-0.0015774522866245158
2021-11-17,test,0.0022535197499092,-0.0041240881686461575
2021-11-18,test,-0.0127449960540331,0.0015494311051412954
2021-11-19,test,-0.0211841883699073,-0.00022569865811315065
2021-11-22,test,-0.0052317753717053,-0.0003914197282730361
2021-11-23,test,-0.0023497477287818,0.0003997273241968177
2021-11-24,test,0.0004574953532623,-0.004289578154928843
2021-11-26,test,0.0332497034215275,-0.0037868938706083557
2021-11-29,test,0.0240536835008812,-0.006308876370450779
2021-11-30,test,0.0445623978273726,0.003540867176510941
2021-12-01,test,0.0530888165249228,0.000816762442705142
2021-12-02,test,0.0362427794716426,0.0015197403996326173
2021-12-03,test,0.0490957148840893,-0.006378066157995112
2021-12-06,test,0.0412415046671145,0.001762915231267946
2021-12-07,test,0.0110133072136435,0.006447094201091096
2021-12-08,test,0.0118091532994443,0.004624004420928328
2021-12-09,test,0.0118974244209684,0.0064872308309935275
2021-12-10,test,-0.0007617713573822,-0.0017956382748753122
2021-12-13,test,0.0141828360119265,-0.0022624757437532464
2021-12-14,test,0.019607603132279,-0.006739488873499989
2021-12-15,test,-0.0065600125066037,0.006286509932034855
2021-12-16,test,-0.003265588423804,-0.006146930294563126
2021-12-17,test,-0.0063200731211773,-0.006256701081674733
2021-12-20,test,-0.0038009970468984,-0.0018269432662962118
2021-12-21,test,-0.028679087305071,-0.0013390078961886057
2021-12-22,test,-0.0543297862732343,-0.003804267550219266
2021-12-23,test,-0.058042758865018,-0.003922350448161506
2021-12-27,test,-0.0785486775636781,-0.0065244237543104835
2021-12-28,test,-0.0799521079771937,-0.0062250466978375565
2021-12-29,test,-0.0832021348531366,-0.004483192113244251
2021-12-30,test,-0.0595651395914494,-0.005282202135346782
2021-12-31,test,-0.0404648415411066,-0.007335799013282997
2022-01-03,test,-0.0365298131242425,-0.006075410044624176
2022-01-04,test,-0.0330073569953984,-0.007677905992191904
2022-01-05,test,-0.041453776745521,-0.008161308458858076
2022-01-06,test,-0.0387190145434858,-0.008523939942674176
2022-01-07,test,-0.0372694785953497,-0.003640447273280646
2022-01-10,test,-0.0275915504957138,-0.007725917384607907
2022-01-11,test,-0.0227839677086815,-0.0044129270780252985
2022-01-12,test,-0.0408341703735411,-0.004418106216385033
2022-01-13,test,-0.0485438965750399,-0.0019563204751598465
2022-01-14,test,-0.0498410330888472,-0.0044379069830974074
2022-01-18,test,-0.0169345695070032,-0.009961971922980851
2022-01-19,test,-0.0098736956219185,-0.004018229950541498
2022-01-20,test,-0.0194318349579797,-0.0005443919270869194
2022-01-21,test,-0.0078353183698656,-0.002083906793687397
2022-01-24,test,-0.0207771980593315,-0.011849267933866793
2022-01-25,test,-0.029014811352474,-0.004080724773989776
2022-01-26,test,-0.0170003762886167,-0.0073246836937921125
2022-01-27,test,0.0076320165538221,-0.007214318087821671
2022-01-28,test,-0.015624385475186,-0.0003959368327829185
2022-01-31,test,-0.0494211579335399,0.0013095659084828778
2022-02-01,test,-0.0426430277923003,0.0006049824887005215
2022-02-02,test,-0.0549773699880906,0.0024923939308713824
2022-02-03,test,-0.0394945260286773,0.00020560242081826136
2022-02-04,test,-0.0711107187799373,0.00042060379285237953
2022-02-07,test,-0.0738462777783229,-0.0005963684475170164
2022-02-08,test,-0.0580251579777948,-0.0026323783648096524
2022-02-09,test,-0.0748833839212497,-0.0029455132141146603
2022-02-10,test,-0.0680761443385921,-0.0028356873134640984
2022-02-11,test,-0.0535346516833488,0.0018002674120586523
2022-02-14,test,-0.0299669212186815,0.0017036104410303107
2022-02-15,test,-0.0256648375794909,0.0014887307627869592
2022-02-16,test,-0.0122057646612197,0.0031643764102921787
2022-02-17,test,0.0171023725945073,0.005132404744082296
2022-02-18,test,0.0212823210509134,0.007411284103498304
2022-02-22,test,0.041434216464744,0.002858721172448085
2022-02-23,test,0.0441260482545028,-0.0017365902794699087
2022-02-24,test,0.0465921047275233,-0.0022912444465936557
2022-02-25,test,0.0281450044286669,0.0026670923066781857
2022-02-28,test,0.0368502114671461,0.003116184178469171
2022-03-01,test,0.0635371983837072,0.00394709776971882
2022-03-02,test,0.0394577723924451,0.004653726071171614
2022-03-03,test,0.0298971289816302,0.0075058248004470016
2022-03-04,test,0.0390197643581749,0.0008047948046947181
2022-03-07,test,0.07495791482156,0.006704224780855715
2022-03-08,test,0.067592649416387,0.0070958401473612195
2022-03-09,test,0.0358829837843489,0.004736759962119995
2022-03-10,test,0.0452344836521446,0.006464589032269007
2022-03-11,test,0.0536401329629045,0.005603124993764773
2022-03-14,test,0.0438409896988962,-0.0026567571205463394
2022-03-15,test,0.0183026815459971,-0.0008747441494829436
2022-03-16,test,0.0089777369825526,0.002545664701867144
2022-03-17,test,-0.0120066487287037,0.0024725599070330104
2022-03-18,test,-0.021486362875171,0.0008106403536537674
2022-03-21,test,-0.0045467149020448,-9.739331797890133e-05
2022-03-22,test,-0.0216717825336002,0.002928159620684455
2022-03-23,test,-0.0221158491606611,0.0046193535810227435
2022-03-24,test,-0.0626707655725425,0.004626691247469138
2022-03-25,test,-0.0614819639115579,0.0027413305397612983
2022-03-28,test,-0.0961279301740149,0.0016957664014295645
2022-03-29,test,-0.1056829588544103,0.0009898809582684284
2022-03-30,test,-0.0750829073217937,0.0015958817291357938
2022-03-31,test,-0.0950790758787841,0.0069424127036135305
2022-04-01,test,-0.0888914511288682,0.005940089993195306
2022-04-04,test,-0.0925128158579737,0.007102882192811098
2022-04-05,test,-0.0484795387597903,0.00795622032557882
2022-04-06,test,-0.0759942473337782,0.006634322806099456
2022-04-07,test,-0.0868968962833066,0.007500742434478146
2022-04-08,test,-0.1125116601912574,0.0072287117549497334
2022-04-11,test,-0.0953845385326625,0.007316397065617895
2022-04-12,test,-0.1047543444072951,0.005373228505435389
2022-04-13,test,-0.1138506750513973,0.004074624806484815
2022-04-14,test,-0.0823920197657949,0.003750003056627614
2022-04-18,test,-0.0852202719015653,0.003471961125993926
2022-04-19,test,-0.0813531257697988,0.007486594678983181
2022-04-20,test,-0.1122497269553889,0.005654800471980102
2022-04-21,test,-0.1061757502443424,0.007241294366531335
2022-04-22,test,-0.0786092128464277,0.008257302710919366
2022-04-25,test,-0.0648468339925145,0.012170585223558704
2022-04-26,test,-0.0426252697092595,0.013410487105736078
2022-04-27,test,-0.0328511763074681,0.009553593620285648
2022-04-28,test,-0.0375742393691631,0.009130906427376871
2022-04-29,test,0.018502055259107,0.007178029361210279
2022-05-02,test,0.0044944787318929,0.010460056410772987
2022-05-03,test,-0.0058570808476274,0.00954534496082312
2022-05-04,test,-0.0175195030367321,0.00773995514223088
2022-05-05,test,0.003851449209261,0.005879219719486371
2022-05-06,test,0.0111709930514267,0.00871079862718329
2022-05-09,test,0.0463902637495438,0.008758696953642696
2022-05-10,test,0.0327419111376426,0.006989051343644324
2022-05-11,test,0.0241938641797448,0.008223864269496638
2022-05-12,test,-0.0061851416948405,0.008460057422915022
2022-05-13,test,-0.0649456431661753,0.009912037792970917
2022-05-16,test,-0.065328356879568,0.012742724962202877
2022-05-17,test,-0.0701275919599282,0.012817716192941885
2022-05-18,test,-0.0621623164543558,0.011083604155457803
2022-05-19,test,-0.0518819922455944,0.011482943843856973
2022-05-20,test,-0.0297147177457822,0.010557555837556708
2022-05-23,test,-0.0496400747368979,0.009753041585640852
2022-05-24,test,-0.0365178350282639,0.009807787489936125
2022-05-25,test,-0.0175820172278982,0.00742802803468514
2022-05-26,test,-0.041315824589589,0.009268017923777981
2022-05-27,test,-0.0823731072471074,0.009895331457819533
2022-05-31,test,-0.0783872194386976,0.008923037053443404
2022-06-01,test,-0.0788621511905808,0.006654302901722385
2022-06-02,test,-0.0902500180452081,0.010346010143726013
2022-06-03,test,-0.0756489706816761,0.01036927660188721
2022-06-06,test,-0.0748886999788139,0.010955486345370323
2022-06-07,test,-0.0677087206784804,0.009424489108343002
2022-06-08,test,-0.0577040380310711,0.01047926041224697
2022-06-09,test,-0.0466787611973162,0.006823053046032056
2022-06-10,test,-0.0256340264095043,0.006182122750264994
2022-06-13,test,0.0077890914836417,0.007133277541387671
2022-06-14,test,0.0077479498927421,0.007162464192118488
2022-06-15,test,0.0155428381907629,0.006879787109938161
2022-06-16,test,0.0395962566464293,0.007901763265790028
2022-06-17,test,0.0661062676091265,0.007906367959499526
2022-06-21,test,0.0517164945150536,0.005923259312848227
2022-06-22,test,0.0631359591553106,0.0051298312386444875
2022-06-23,test,0.0490151516821515,0.005165053216799519
2022-06-24,test,0.0208911814378905,0.006460481196376731
2022-06-27,test,0.0122267212205194,0.006719033938414019
2022-06-28,test,0.0546701623941608,0.006917066292549644
2022-06-29,test,0.0654729092125966,0.007306793227519502
2022-06-30,test,0.0839046691274279,0.007307287385325233
2022-07-01,test,0.0748205923824308,0.007666222272973609
2022-07-05,test,0.0653567053888677,0.00784858327354062
2022-07-06,test,0.0788309535646731,0.008292187519390003
2022-07-07,test,0.0639140016620623,0.008778821465123064
2022-07-08,test,0.0634262142715307,0.007465535812821632
2022-07-11,test,0.0732211592707269,0.007559040390264525
2022-07-12,test,0.0765602347427473,0.005723042399442123
2022-07-13,test,0.0998779284493174,0.007543891200871199
2022-07-14,test,0.104318221886507,0.007349494080310957
2022-07-15,test,0.0983867315592289,0.007769337454857993
2022-07-18,test,0.1102756579344487,0.008621671174655586
2022-07-19,test,0.0857907359161844,0.008827174178975404
2022-07-20,test,0.0704849543130163,0.009416372554614826
2022-07-21,test,0.0640148957724585,0.009101315982477008
2022-07-22,test,0.0588941034556833,0.010083313305866391
2022-07-25,test,0.036210629196442,0.008570332262387924
2022-07-26,test,0.046471327838766,0.00799177156216476
2022-07-27,test,0.0270222215552241,0.009313951724540047
2022-07-28,test,0.0304484176354565,0.011220881743903809
2022-07-29,test,-0.014066594012886,0.011704020901516975
2022-08-01,test,-0.0193028926247042,0.011157714176984211
2022-08-02,test,-0.0206731510001133,0.009440289739245065
2022-08-03,test,-0.0427995208825653,0.010906670161909403
2022-08-04,test,-0.0388074883917079,0.006373534736990059
2022-08-05,test,-0.0490192068061257,0.006639372769873829
2022-08-08,test,-0.051754762958691,0.006633212747772697
2022-08-09,test,-0.0299717791776368,0.006853021546348058
2022-08-10,test,-0.0434659851563248,0.0071218029257464
2022-08-11,test,-0.0299942297561837,0.005579226997273888
2022-08-12,test,-0.0372971377924226,0.005698759785196426
2022-08-15,test,-0.0870501819281164,0.005273887066921022
2022-08-16,test,-0.0859224574745237,0.008488045167339385
2022-08-17,test,-0.0895282893463349,0.010300360918553873
2022-08-18,test,-0.0977153339823932,0.012773675832762586
2022-08-19,test,-0.0783619117835784,0.011368818107054111
2022-08-22,test,-0.0690712139815784,0.012876013480920566
2022-08-23,test,-0.0837380105250331,0.00829657657473317
2022-08-24,test,-0.0950835999026371,0.0075622721406799695
2022-08-25,test,-0.1261786831763213,0.007661063833617109
2022-08-26,test,-0.1030897562663603,0.010242746226269382
2022-08-29,test,-0.0997012106488913,0.00957953620182974
2022-08-30,test,-0.0699399454083598,0.009848021336486011
2022-08-31,test,-0.0820246552619664,0.009633737107428007
2022-09-01,test,-0.1044725107826467,0.00907766071087903
2022-09-02,test,-0.0684514854552913,0.008961670091910255
2022-09-06,test,-0.0344578311077281,0.009067336443941108
2022-09-07,test,-0.0523207345832805,0.006576372848316379
2022-09-08,test,-0.0698060986766759,0.00650997901865271
2022-09-09,test,-0.1111643172107912,0.007567311286957999
2022-09-12,test,-0.1260241230918519,0.0071964778429184015
2022-09-13,test,-0.0876252142715168,0.007868011749385138
2022-09-14,test,-0.0933234127093704,0.005871328689645759
2022-09-15,test,-0.0553726886095758,0.005022321432651931
2022-09-16,test,-0.0709757304926951,0.004529618918505528
2022-09-19,test,-0.0525374818694308,0.006505343853323763
2022-09-20,test,-0.0289271550011476,0.006117047212561198
2022-09-21,test,-0.0159138804098334,0.007190464090447456
2022-09-22,test,-0.0150744077592643,0.008692477437415545
2022-09-23,test,0.027997020191295,0.008212511547818845
2022-09-26,test,0.0480508619185159,0.007708335389049546
2022-09-27,test,0.0663430051122835,0.007884214866897964
2022-09-28,test,0.0460618030256725,0.011204853189334528
2022-09-29,test,0.0600397306585012,0.01166894090583067
2022-09-30,test,0.1034991693667138,0.010436353350839166
2022-10-03,test,0.0705971362612076,0.010137772398701193
2022-10-04,test,0.0385054781372963,0.012209857554108493
2022-10-05,test,0.0167596825766959,0.012368436861139386
2022-10-06,test,0.0173834774191631,0.013227332749921626
2022-10-07,test,0.059361701672466,0.014978526390933576
2022-10-10,test,0.0766452061781688,0.014177419279683433
2022-10-11,test,0.0907259499842636,0.013620999403381538
2022-10-12,test,0.0716789667472261,0.009699610442813832
2022-10-13,test,0.0951240493474121,0.012765180781171136
2022-10-14,test,0.1252969452263779,0.015135581587075474
2022-10-17,test,0.0964124443422986,0.01773227794920209
2022-10-18,test,0.0936469919378159,0.01787577866887815
2022-10-19,test,0.0896341458189358,0.01860680305984693
2022-10-20,test,0.095024345992595,0.016016570069339063
2022-10-21,test,0.0740930997679088,0.018627784627921272
2022-10-24,test,0.0620758520548596,0.021724722770559556
2022-10-25,test,0.0609033096330183,0.023292081043573686
2022-10-26,test,0.0683975487327545,0.02133154224927799
2022-10-27,test,0.073679856968788,0.018374334207316066
2022-10-28,test,0.0353032385075174,0.019491886160670567
2022-10-31,test,0.0423985072989109,0.020018067239335822
2022-11-01,test,0.0749467994361995,0.019428332757041054
2022-11-02,test,0.0963486775820855,0.021855029956121395
2022-11-03,test,0.1044463322832265,0.019294470008262087
2022-11-04,test,0.0697480633967731,0.018835066549603006
2022-11-07,test,0.0436275436251461,0.018236167119395873
2022-11-08,test,0.0342622158209451,0.01849995725533684
2022-11-09,test,0.0629789623377714,0.019555662183193677
2022-11-10,test,0.0065315186131528,0.02276693582310959
2022-11-11,test,0.0105250036796791,0.019758989560849004
2022-11-14,test,0.0203870677276416,0.019036530111170312
2022-11-15,test,0.006299570269932,0.016473361732298707
2022-11-16,test,-0.0105447437000216,0.01607942755233751
2022-11-17,test,-0.0172653693541488,0.015548765250378314
2022-11-18,test,-0.0278983684644337,0.015477366072440067
2022-11-21,test,-0.0253310559277816,0.010153808969176524
2022-11-22,test,-0.0246425823303372,0.010749243740839319
2022-11-23,test,-0.0449170432203235,0.010282221445481209
2022-11-25,test,-0.0401270807691394,0.010042819343427843
2022-11-28,test,-0.0312244288889038,0.011338221442688388
2022-11-29,test,-0.0409431188334518,0.010235078258286866
2022-11-30,test,-0.0548781102264423,0.012100686191116893
2022-12-01,test,-0.05486596075106,0.010273931691221615
2022-12-02,test,-0.055432899828789,0.010273931691221615
2022-12-05,test,-0.0251988718015911,0.011390792374292434
2022-12-06,test,-0.0196413487169846,0.012104421880916004
2022-12-07,test,0.0044366390825657,0.005892792868212392
2022-12-08,test,-0.0043022506454788,0.005084815875779046
2022-12-09,test,0.009281476286648,0.0062198145895208876
2022-12-12,test,0.0046821496936295,0.007397828670499172
2022-12-13,test,0.0031372983970659,0.007353839916721859
2022-12-14,test,0.0124340093879374,0.008293279271417396
2022-12-15,test,0.0335852851435708,0.00998663774388988
2022-12-16,test,0.0257789440144032,0.008362541751059847
2022-12-19,test,0.0229358527482344,0.0074740555472083345
2022-12-20,test,0.0403367120942124,0.007229159404247641
2022-12-21,test,0.0390425868390728,0.00762272010822581
2022-12-22,test,0.0528472303011443,0.0071239526194124755
2022-12-23,test,0.0476041040689173,0.006311301169046678
2022-12-27,test,0.0618371396056392,0.007014466407523422
2022-12-28,test,0.0764524779818496,0.004987419244711931
2022-12-29,test,0.0490222153855604,0.0034016211557487894
2022-12-30,test,0.0627152915997893,0.004076210710076321
2023-01-03,test,0.0762727449936861,0.0035279425804130224
2023-01-04,test,0.0750621644546351,0.0025690874789729076
2023-01-05,test,0.0755536116776744,0.00434889725090367
2023-01-06,test,0.0496606164041227,0.002140696866071344
2023-01-09,test,0.0592152189585776,0.003705340726886351
2023-01-10,test,0.0426393750825356,0.004220517151828994
2023-01-11,test,0.0265153626279291,0.0032729022136971583
2023-01-12,test,0.0228434728167745,0.003163977789388893
2023-01-13,test,0.0302255156437072,0.0022632702304534943
2023-01-17,test,0.0341090113951701,0.002156439203682102
2023-01-18,test,0.0522999399222206,0.0012140579096540302
2023-01-19,test,0.0474589532638562,0.002800727829483117
2023-01-20,test,0.0308192005037532,0.0039301265104131
2023-01-23,test,-0.0025868554095477,0.0027375615103991877
2023-01-24,test,-0.0044311477541189,0.004867735728403676
2023-01-25,test,0.0001848928854829,0.004060332472837401
2023-01-26,test,-0.0180663828048583,0.00621427642716179
2023-01-27,test,-0.0177267898981837,0.004618238228962422
2023-01-30,test,-0.0099709923657327,0.007437884879860211
2023-01-31,test,-0.0268494781386462,0.007337621763823209
2023-02-01,test,-0.0305952219667999,0.007912734352906257
2023-02-02,test,-0.025534743738132,0.0058212307328636345
2023-02-03,test,-0.0144695400277666,0.005069549855523069
2023-02-06,test,-0.0256062383374893,0.004624090556817249
2023-02-07,test,-0.0335950793736541,0.00448762115378528
2023-02-08,test,-0.0419600383471825,-0.004824519243305382
2023-02-09,test,-0.0464208773733741,-0.0033580628675348514
2023-02-10,test,-0.0508563539753984,0.0005442215660123803
2023-02-13,test,-0.0456341821703895,0.0020546926856429212
2023-02-14,test,-0.0513820000290137,0.0014111034612803372
2023-02-15,test,-0.0388786189743811,0.0005296304323187048
2023-02-16,test,-0.0354768531035684,-5.335888234062752e-05
2023-02-17,test,-0.0263152578128083,0.0024056973012141145
2023-02-21,test,0.0051609724377632,0.001493225251374429
2023-02-22,test,-0.008832645874473,0.001275650559720752
2023-02-23,test,-0.0081538734441847,0.0013220528098855308
2023-02-24,test,0.0030627825935037,0.0020591419469634595
2023-02-27,test,0.0034546499254028,-0.0007798357316859753
2023-02-28,test,0.0041591223789453,-0.001936502822490506
2023-03-01,test,0.0213144635760841,0.0003914192014530457
2023-03-02,test,0.0181828942325392,0.0002284549291766344
2023-03-03,test,0.0174630323012615,0.001221752970980948
2023-03-06,test,0.0197412997362273,0.002130644940381475
2023-03-07,test,0.0280302673999698,0.0010033412836330732
2023-03-08,test,0.025225732721526,0.0007453875815486496
2023-03-09,test,0.0443000062096122,0.00039808573297036437
2023-03-10,test,0.0583110871878957,0.0016318461647596635
2023-03-13,test,0.0623036971697561,0.003935150735465985
2023-03-14,test,0.0408127058538978,0.005359444767621367
2023-03-15,test,0.059052668367994,-0.0019360901781288811
2023-03-16,test,0.0456207266708971,-0.010300713672486285
2023-03-17,test,0.0601779321273561,-0.006588296896799052
2023-03-20,test,0.0516969173200523,-0.0016869810753767159
2023-03-21,test,0.037216223108579,-0.01134298722050462
2023-03-22,test,0.0467551340308885,-0.004592827787580779
2023-03-23,test,0.0439696533505638,-0.004269715519063723
2023-03-24,test,0.0418912806668075,-0.0036499275706347936
2023-03-27,test,0.0211641631238569,-0.0018301759537723075
2023-03-28,test,0.0140825207961483,-0.00022344452092585426
2023-03-29,test,0.0183871412783827,-0.002068227326027218
2023-03-30,test,0.0223168479879444,-0.0015032104607335187
2023-03-31,test,0.0086737207604883,-0.00272839683596119
2023-04-03,test,-0.0079254406911177,-0.0001454109974677112
2023-04-04,test,-0.0129668094319705,-0.005106957829309956
2023-04-05,test,-0.0203297739406613,-0.007781222630986441
2023-04-06,test,-0.0037904456606154,-0.00926469018158358
2023-04-10,test,-0.0048315276354183,-0.005064803792607521
2023-04-11,test,-0.0089856805356647,-0.0015677077045749069
2023-04-12,test,-0.003382790945977,-0.0012343304441782346
2023-04-13,test,-0.0194218412807106,0.0002509071162358975
2023-04-14,test,-0.0219438806442472,-0.015902945610612486
2023-04-17,test,-0.0219290189734139,-0.015011582325357577
2023-04-18,test,-0.0312089085738401,-0.014631199088799653
2023-04-19,test,-0.0150089967102282,-0.012951862501377455
2023-04-20,test,1.002111317514008e-05,-0.01241272482659931
2023-04-21,test,-0.0048382608549927,-0.010804980580843539
2023-04-24,test,-0.0071261093557205,-0.009685651543465436
2023-04-25,test,0.0015975759159257,-0.010625126713544132
2023-04-26,test,0.0035234987493375,-0.01136458965486168
2023-04-27,test,-0.0071978604620487,-0.007509672959615833
2023-04-28,test,-0.0013925920425632,-0.006759975662919283
2023-05-01,test,-0.0031670261672826,-0.009757654811052154
2023-05-02,test,0.0054714356209427,-0.010809903552981094
2023-05-03,test,0.0234789015740973,-0.00025643033384884634
2023-05-04,test,0.0465144186043784,0.0013880692744967157
2023-05-05,test,0.0259878505048084,-0.001150601061951341
2023-05-08,test,0.0271721081714145,-0.0009093970320578695
2023-05-09,test,0.029570515508206,-0.0015341196400960669
2023-05-10,test,0.0360088964980871,-0.0018573441443758068
2023-05-11,test,0.042110349671574,-0.001253344014539394
2023-05-12,test,0.0534942321279756,-0.0035155112023435367
2023-05-15,test,0.055961624677387,-0.0047932782504488194
2023-05-16,test,0.0648215704081669,-0.00417230903189534
2023-05-17,test,0.0626671280584263,-0.003275162422331647
2023-05-18,test,0.0504908174625101,-0.0005047685561492612
2023-05-19,test,0.0464276061042197,-0.0016306106345580842
2023-05-22,test,0.0429949963521169,-0.001595380791276725
2023-05-23,test,0.0518008405127046,-0.0020040387814756824
2023-05-24,test,0.0514144798196425,-0.00015302804749576376
2023-05-25,test,0.0422349911646492,-0.004881930530578761
2023-05-26,test,0.0363487394542758,-0.007291018083794211
2023-05-30,test,0.036985794257508,-0.003225595812913297
2023-05-31,test,0.0466470615322064,-0.0042846281375690035
2023-06-01,test,0.0500190619656923,-0.00037948152104653327
2023-06-02,test,0.0387848978418019,-0.0004960776752806276
2023-06-05,test,0.0396858118710568,0.0009734817970390094
2023-06-06,test,0.0255029831629423,0.0018967583178271727
2023-06-07,test,0.022288874976205,-0.0022370537143575966
2023-06-08,test,0.0214795997973178,0.0016147414045777006
2023-06-09,test,0.0255862720114588,0.00333595162625374
2023-06-12,test,0.0234522377466379,0.00033000303100474276
2023-06-13,test,0.023950089236635,0.000886631645449408
2023-06-14,test,0.021675236619702,0.0013558098476789335
2023-06-15,test,0.0121830818480825,-0.00020807527707725898
2023-06-16,test,0.0228239486743497,0.004193224230100122
2023-06-20,test,0.033958724465716,0.0045215309202728746
2023-06-21,test,0.0358352988263772,0.004507619608048373
2023-06-22,test,0.0372136319368657,0.00726174890570299
2023-06-23,test,0.0492410738621924,0.008224957267545262
2023-06-26,test,0.0536768767625557,0.0005613796435389937
2023-06-27,test,0.043363464791058,0.0046213023077140356
2023-06-28,test,0.0396317106470283,0.005557413928448905
2023-06-29,test,0.0416031977703258,-0.00024086286193290146
2023-06-30,test,0.0337514077989569,0.001921254418472372
2023-07-03,test,0.0294070753102608,-0.007481100683712084
2023-07-05,test,0.0190039913451007,-0.007102835651033736
2023-07-06,test,0.0282284053932093,-0.0039548585086240165
2023-07-07,test,0.0301234844876678,-0.004235669793080078
2023-07-10,test,0.0343569540191013,-0.003675036656517451
2023-07-11,test,0.0217585950905388,0.005864025646730407
2023-07-12,test,0.0077517527367677,0.006453309796002414
2023-07-13,test,0.0038241297216642,0.007179267633428431
2023-07-14,test,0.0046328667058013,6.746520675356832e-05
2023-07-17,test,0.00756044786448,0.006394410948953953
2023-07-18,test,-0.0112686678701117,0.008893911079804605
2023-07-19,test,-0.023887415165299,0.005023920773283307
2023-07-20,test,-0.0270384121712089,0.0004113746428556983
2023-07-21,test,-0.0304073901175617,0.00370669671821746
2023-07-24,test,-0.0306624028097086,0.00019131298066384778
2023-07-25,test,-0.0370475109053036,0.0034986888230961397
2023-07-26,test,-0.0262246220679185,0.015220204099923883
2023-07-27,test,-0.0350110247136785,-0.004267098996090325
2023-07-28,test,-0.0350385593099104,0.010133684266589248
2023-07-31,test,-0.0315054239071169,-0.007082408092999905
2023-08-01,test,-0.0163140253641423,-0.0059868781227337756
2023-08-02,test,-0.001300589095431,0.0009503197652315984
2023-08-03,test,-0.000864711360736,-0.0024792474537412637
2023-08-04,test,0.0031762062842145,-0.00991391742859219
2023-08-07,test,-0.0130476482957544,0.004532632109310229
2023-08-08,test,-0.0142979659023518,0.006123303505217413
2023-08-09,test,-0.0096886315323806,-0.008988537125571162
2023-08-10,test,-0.0106029327396129,-0.006960913363231604
2023-08-11,test,-0.0040546347046381,-0.004058744987587716
2023-08-14,test,-0.0129431996477218,0.006533341805817404
2023-08-15,test,0.0003731240535334,0.007193779538360666
2023-08-16,test,0.0180745073892978,0.0065554301717567695
2023-08-17,test,0.0131463407139364,0.0018270652083856795
2023-08-18,test,0.0137769969814592,-0.0013431930125854877
2023-08-21,test,0.0073650821842044,0.004152885428012752
2023-08-22,test,0.0060028486467285,-0.00034606234346171855
2023-08-23,test,-0.0199119287892389,-0.002531188450202927
2023-08-24,test,-0.0101882855017826,0.001598705935463872
2023-08-25,test,-0.0153904206895153,0.0021766375616045427
2023-08-28,test,-0.0338778086537691,-0.0027036069201945914
2023-08-29,test,-0.0499216248591252,-0.0006302467974624651
2023-08-30,test,-0.0464504712307631,0.001626811930652415
2023-08-31,test,-0.0470507063119445,0.0021732880475614155
2023-09-01,test,-0.0513343726748159,0.005414681426561617
2023-09-05,test,-0.0588852500913831,0.0005250625128724526
2023-09-06,test,-0.0458738712157937,0.0048640922077590396
2023-09-07,test,-0.047145638261288,0.006019032305766746
2023-09-08,test,-0.0389778138363122,0.0012455031644970846
2023-09-11,test,-0.0396744125310449,-0.002219832301296777
2023-09-12,test,-0.0290954447834862,0.007112410679353275
2023-09-13,test,-0.0299276722357658,0.0037917416669274936
2023-09-14,test,-0.0446163430689807,-0.0032632870718475107
2023-09-15,test,-0.0362935196078152,0.001806484645540861
2023-09-18,test,-0.025494117461136,0.004698846954021806
2023-09-19,test,-0.0214608767580601,0.0013025889251620723
2023-09-20,test,-0.0292759505503612,0.0027970959974170304
2023-09-21,test,-0.0180760664303555,0.005191084154717661
2023-09-22,test,-0.0251052906678727,0.005001344869768408
2023-09-25,test,-0.0308933422634829,0.010937686973798787
2023-09-26,test,-0.0101598708361121,0.0028918978661153436
2023-09-27,test,-0.0208857469394342,0.0130988280219543
2023-09-28,test,-0.0369843474774883,0.00011026921362241454
2023-09-29,test,-0.0445103490179153,-0.0006634654114561003
2023-10-02,test,-0.0265325081807322,-0.00538833860791469
2023-10-03,test,-0.0074227693417427,-0.005183252698466902
2023-10-04,test,-0.005023911010517,-0.011034547206706304
2023-10-05,test,0.0174753300279346,-0.0006674668287199662
2023-10-06,test,0.0170819520272588,0.0006196219159515168
2023-10-09,test,0.0116402921844936,0.00998471810841458
2023-10-10,test,0.0068820653653745,0.00864353565708894
2023-10-11,test,0.0047494598301755,-0.0017799329229943109
2023-10-12,test,0.000450501501859,-0.008624530550081978
2023-10-13,test,0.0167432121473854,-0.011014657722633527
2023-10-16,test,0.0048685820778786,-0.007659608645135409
2023-10-17,test,0.0217797575556708,-0.001115962022500895
2023-10-18,test,0.0410686988358181,0.0065025762316178945
2023-10-19,test,0.0443440489901664,0.0003792715099454544
2023-10-20,test,0.0579225643489564,0.009067125819448983
2023-10-23,test,0.0662915565951186,0.004717532160560943
2023-10-24,test,0.0562614768937376,0.0074839371206608316
2023-10-25,test,0.0721776722503358,0.005862457432681399
2023-10-26,test,0.0841922947088206,0.0049344706497001165
2023-10-27,test,0.0906104515914795,0.005033717680885695
2023-10-30,test,0.075633229434655,1.8826926937186295e-05
2023-10-31,test,0.0711619931454499,0.008738535715413796
2023-11-01,test,0.0687324447985285,0.007198804856679918
2023-11-02,test,0.0556483254597945,0.002152248177651493
2023-11-03,test,0.0431344357308599,0.0016094429992056444
2023-11-06,test,0.0396617206504418,0.002505083150973718
2023-11-07,test,0.0352135275156584,0.004896146674915856
2023-11-08,test,0.0424656754156726,0.00242945295271043
2023-11-09,test,0.0549483610563378,-0.004072893175556071
2023-11-10,test,0.0485405489945568,0.0008802607124045667
2023-11-13,test,0.0531684549560612,0.00013391187218089046
2023-11-14,test,0.0480824898445306,-0.008534837862044488
2023-11-15,test,0.0485036407814991,-0.006468344722390308
2023-11-16,test,0.0520939480807952,-0.005453555981123605
2023-11-17,test,0.054123951849078,-0.004998943961611081
2023-11-20,test,0.0561253290559784,-0.004567527874062484
2023-11-21,test,0.0421572173162476,-0.0009303764191433764
2023-11-22,test,0.0488891193103623,0.00011187248648449749
2023-11-24,test,0.0470984278619774,0.0002120275721650064
2023-11-27,test,0.0550401457950945,0.0002966480120221368
2023-11-28,test,0.0569826454110892,-0.0004016722398340958
2023-11-29,test,0.0565867975096168,0.0022467645840551706
2023-11-30,test,0.0484897871780776,-0.004322993118305897
2023-12-01,test,0.0412423086800401,0.003032068352453919
2023-12-04,test,0.0374345580127738,0.0032099886811453246
2023-12-05,test,0.0392948085137115,0.0037368172370441863
2023-12-06,test,0.0445444057359952,0.00017747877040499155
2023-12-07,test,0.0495718301191693,-0.0004552173541904417
2023-12-08,test,0.0439078108614923,0.0018090142439320597
2023-12-11,test,0.0400005624591674,0.0018357154419498464
2023-12-12,test,0.0347528842720894,0.0013912683003608692
2023-12-13,test,0.0219895042745908,0.002340224269737866
2023-12-14,test,0.0126148020245376,-0.00025636478817906566
2023-12-15,test,0.0058404239518531,0.004175218762202136
2023-12-18,test,0.0080273832582296,0.003979216059681788
2023-12-19,test,0.0127429394139894,0.0031398030167817045
2023-12-20,test,0.0284040120302911,3.9533640187404406e-05
2023-12-21,test,0.0216854636183223,0.007030736803170255
2023-12-22,test,0.022157889064025,0.008126569917073966
2023-12-26,test,0.0231832993400755,0.0076465897376528855
2023-12-27,test,0.0223527781774173,0.008878484852737976
2023-12-28,test,0.0277713940720582,0.007431997275376211
2023-12-29,test,0.0307996203270214,0.008986706725179115
2024-01-02,test,0.0186555675992914,0.0029596427835112057
2024-01-03,test,0.0353458235212687,0.00025447434798072516
2024-01-04,test,0.0426573545631106,0.0006269745017235748
2024-01-05,test,0.0342620236801381,-0.0029393497835538476
2024-01-08,test,0.0263157968250024,0.0038029143564296194
2024-01-09,test,0.0327083974713306,0.0006426864321765965
2024-01-10,test,0.0307893019159024,0.0017928069304725888
2024-01-11,test,0.0340818545054819,0.0052158669072341
2024-01-12,test,0.036405015633493,0.005658193276257183
2024-01-16,test,0.0273004626975416,0.002881794560145444
2024-01-17,test,0.0409795789211891,0.005680338046888021
2024-01-18,test,0.0419905983220852,0.006948796052449767
2024-01-19,test,0.0245242242382049,0.010484667191128692
2024-01-22,test,0.0203649983998028,0.007582458244856004
2024-01-23,test,0.0210258035657983,0.00954798594388847
2024-01-24,test,0.0351870899497715,0.006766200776443708
2024-01-25,test,0.0320239482844889,-0.0010521346110538912
2024-01-26,test,0.028013325069906,-0.005946741421800884
2024-01-29,test,0.0223534684941039,-0.003485600814844704
2024-01-30,test,0.0212063219010005,-0.005212428330618725
2024-01-31,test,0.0386082833786541,-0.002174144310046068
2024-02-01,test,0.0356410511176921,-0.010104939573504647
2024-02-02,test,0.0283260032205816,-0.00909824150031089
2024-02-05,test,0.0264179565520224,-0.007376945237098899
2024-02-06,test,0.0272327451748013,-0.00768897198448968
2024-02-07,test,0.0301316624235896,-0.004181531122973016
2024-02-08,test,0.0258067878753783,0.004526689142593264
2024-02-09,test,0.0272579965121121,0.003416656789927329
2024-02-12,test,0.0328376084414033,0.0006336438025406829
2024-02-13,test,0.0452417381169975,-0.0021101957391061257
2024-02-14,test,0.0318868125132301,-0.008703175260918274
2024-02-15,test,0.0166067339372421,-0.008478989328532728
2024-02-16,test,0.0282452932341963,-0.008834886862451131
2024-02-20,test,0.0362259018610205,0.014963452630006556
2024-02-21,test,0.0412496033261333,0.006254488387534916
2024-02-22,test,0.0311315196749695,0.010346809025620317
2024-02-23,test,0.023748999492985,0.012215185507510572
2024-02-26,test,0.0240153161234045,0.01350568863311382
2024-02-27,test,0.0200826810394248,0.009448893298606896
2024-02-28,test,0.0311453784976479,0.012609846969668402
2024-02-29,test,0.0279883301183826,0.02124139509203162
2024-03-01,test,0.0174105501944006,-0.0014765529867700536
2024-03-04,test,0.0112270277237819,0.0033273536120042232
2024-03-05,test,0.0191511527204781,-0.0036994776002690424
2024-03-06,test,0.0023526266119993,-0.004128618767218241
2024-03-07,test,0.0039897047831492,-0.005451998169327434
2024-03-08,test,0.0076521322894287,-0.0020147633202280205
2024-03-11,test,0.0070140493194461,-0.0010836901367898624
2024-03-12,test,-0.0117134788297798,0.0030827975133178795
2024-03-13,test,-0.0074496875924165,-0.01019932230651125
2024-03-14,test,-0.016449745684688,-0.01217347556434132
2024-03-15,test,-0.0168809027266051,0.003995229264678345
2024-03-18,test,-0.0241468321826467,0.004187682039739092
2024-03-19,test,-0.0295359392999335,0.0003488629945441399
2024-03-20,test,-0.0382234831063758,0.0020084459047754674
2024-03-21,test,-0.0443771546677228,-0.007244669319838172
2024-03-22,test,-0.0321844330625586,-0.006775976984362643
2024-03-25,test,-0.0185730219119624,-0.007649449328553028
2024-03-26,test,-0.0135720134001839,-0.00738733255260008
2024-03-27,test,-0.0293559639363083,-0.007469283881159451
2024-03-28,test,-0.0255365841373344,-0.008043009906088062
2024-04-01,test,-0.0163877613867491,-0.011250321879749815
2024-04-02,test,-0.0227315066703019,-0.00765397652712161
2024-04-03,test,-0.028029905078154,-0.006533346496893112
2024-04-04,test,-0.0079057901823261,-0.005188620652601873
2024-04-05,test,-0.0066831441967379,0.0010419741096696841
2024-04-08,test,0.0006865479340094,-0.000622502424670858
2024-04-09,test,-0.0008523959493831,-0.00038764603240613177
2024-04-10,test,0.0119307131859224,-0.0014692250786929387
2024-04-11,test,0.0136785077870505,-0.0025815325102911194
2024-04-12,test,0.0309218818888644,0.0008096963332890547
2024-04-15,test,0.0390536219951122,0.0021272268929161883
2024-04-16,test,0.0439404658508845,-0.0011448954222644595
2024-04-17,test,0.0551310627946679,-0.0009706018984424816
2024-04-18,test,0.0538251680626297,0.002974509559458459
2024-04-19,test,0.0579287573733191,0.0023208411704652918
2024-04-22,test,0.0486894982099101,0.0081407972002124
2024-04-23,test,0.038842136824619,0.00849029329625297
2024-04-24,test,0.0351805422018069,-0.005239621208073898
2024-04-25,test,0.0285339440759162,0.0017142862081227714
2024-04-26,test,0.0261896017936646,0.005995058362494442
2024-04-29,test,0.0176385206301811,-0.004383656585063213
2024-04-30,test,0.0224035199925497,-0.011749211674396277
2024-05-01,test,0.0241781186908653,-0.007291703701691167
2024-05-02,test,0.028802316841005,-0.004830703640078295
2024-05-03,test,0.0166530367965224,-0.004417410494912823
2024-05-06,test,0.0112461017529567,-0.0009117225119764996
2024-05-07,test,0.0165289766137613,-0.006732794736994542
2024-05-08,test,0.0155778246423001,-0.003355401829933914
2024-05-09,test,0.0090376141667479,0.01649751322523787
2024-05-10,test,0.0056980560535023,0.0019056497225534916
2024-05-13,test,0.0006740191515632,0.00022027376324359332
2024-05-14,test,-0.0004798035059915,-0.0009731469345120383
2024-05-15,test,-0.0089237954267408,-0.0056351451651400555
2024-05-16,test,-0.0044314985921235,-0.00037675806062396205
2024-05-17,test,-8.371460779497877e-05,0.002900708354490987
2024-05-20,test,0.004231259482153,0.004064234941094723
2024-05-21,test,0.0069092522786001,0.021619679246955147
2024-05-22,test,0.0091899267700456,0.021176648868915814
2024-05-23,test,0.0222390767212227,0.0026196916299978876
2024-05-24,test,0.0156926446770755,0.0034287797405017847
2024-05-28,test,0.0194751427141809,0.015835562120792977
2024-05-29,test,0.029482365864108,0.004908583594584258
2024-05-30,test,0.0292549734829762,0.0054034355636159645
2024-05-31,test,0.0168881470822482,0.016678085653671647
2024-06-03,test,0.0248806899206703,0.02199326945219212
2024-06-04,test,0.0251235153113873,0.022891178335630667
2024-06-05,test,0.023660366757363,0.016955376284384448
2024-06-06,test,0.0208098161753546,0.015683788439228595
2024-06-07,test,0.0204643862952519,0.016429243260460434
2024-06-10,test,0.0285440850834249,0.013639582951266958
2024-06-11,test,0.0306874871601303,0.01787221879677183
2024-06-12,test,0.0328357842976426,0.014405663772191123
2024-06-13,test,0.0350860447118976,0.014916639149955911
2024-06-14,test,0.044114255329585,0.013063591522969452
2024-06-17,test,0.0344707504067413,0.011841014068692667
2024-06-18,test,0.0244308571354718,0.019059266758042336
2024-06-20,test,0.0137923377148137,0.015414674740835264
2024-06-21,test,0.0183713823784055,0.005178637413573793
2024-06-24,test,0.011678005224241,-0.007662648794030481
2024-06-25,test,0.0023202747142751,0.002358977115384263
2024-06-26,test,0.002075960927007,0.006793414829157039
2024-06-27,test,0.0133534570930037,0.005654585370222752
2024-06-28,test,0.0173605085581529,0.011487780030895366
2024-07-01,test,0.0158296932119529,0.002689120746964556
2024-07-02,test,0.0218995674994832,0.006253657328713268
2024-07-03,test,0.0069061794640656,0.005232367411588411
2024-07-05,test,-0.0124976977240307,-0.0013356659158384257
2024-07-08,test,-0.0368983395343404,0.0079376133997184
2024-07-09,test,-0.0281786247370978,0.007366595852223844
2024-07-10,test,-0.0427287289985433,0.001929102263292258
2024-07-11,test,-0.0201085412465076,0.005402423047228287
2024-07-12,test,-0.0231006024875438,0.009849244882059592
2024-07-15,test,-0.0278998083150185,0.01066536636100248
2024-07-16,test,-0.0234203990987649,0.0028945417454152786
2024-07-17,test,-0.0176569207058887,0.002169167620517408
2024-07-18,test,0.0064401481348572,0.017262239744702056
2024-07-19,test,0.016322494195952,0.0007780083852524586
2024-07-22,test,0.0194627588412021,0.002671278757235128
2024-07-23,test,0.0237900010107722,0.021630749966279915
2024-07-24,test,0.0398243044881115,0.015426017085704645
2024-07-25,test,0.0330573339684987,3.7039881568744215e-05
2024-07-26,test,0.0305223382318,0.0016197202730764068
2024-07-29,test,0.0305613626222754,0.017893087384391347
2024-07-30,test,0.0342970563617293,0.003466147430132814
2024-07-31,test,0.017514761065054,0.0013722171206485764
2024-08-01,test,0.0322456940961381,0.002813234184968337
2024-08-02,test,0.0558340531599691,0.010974392092141759
2024-08-05,test,0.0664840118563717,0.011060126381662448
2024-08-06,test,0.0603218136481806,0.007267859517518092
2024-08-07,test,0.0621981331904769,0.0027084115961377372
2024-08-08,test,0.0267801568626744,-0.004275470941080807
2024-08-09,test,0.03777421735495,-0.0007725382733239985
2024-08-12,test,0.0436261961837625,-0.004037801361631878
2024-08-13,test,0.0326843271243824,-0.004541046395611183
2024-08-14,test,0.0352279477355362,-0.0011811763091336483
2024-08-15,test,0.0248162712530416,-0.003444859404338342
2024-08-16,test,0.0263990823531889,-0.001781278995633774
2024-08-19,test,0.017664060892285,-0.0021918111492665662
2024-08-20,test,0.0147345655032728,-0.00033283259754583044
2024-08-21,test,0.0260913098881663,-0.002111375893372437
2024-08-22,test,0.0321370241990427,-0.0033826102811125094
2024-08-23,test,0.0251982135963104,-0.003867985715758783
2024-08-26,test,0.0264379174509052,-0.0026519438495571715
2024-08-27,test,0.021368676776899,-0.004220840197548127
2024-08-28,test,0.0318884650941925,0.0017176883310610278
2024-08-29,test,0.0311546237376992,-0.001469204992413299
2024-08-30,test,0.0255243735582916,-0.004087119266471796
2024-09-03,test,0.0352655651234741,-0.0023498994129287146
2024-09-04,test,0.0332448903593322,-0.0009691639197229943
2024-09-05,test,0.0332067963883304,0.0001494674104980595
2024-09-06,test,0.0573411386408322,0.0019861232079139354
2024-09-09,test,0.0356039494075743,0.010339426418426188
2024-09-10,test,0.0372326304617927,0.007146401895516928
2024-09-11,test,0.0403045838111778,0.007457443633909787
2024-09-12,test,0.0305721980951249,0.007101149255554794
2024-09-13,test,0.0317999531737442,0.011009943592148318
2024-09-16,test,0.0327546041484478,0.008774155386065817
2024-09-17,test,0.0283518489258333,0.010610955772393703
2024-09-18,test,0.0385823542155008,0.007315925145988188
2024-09-19,test,0.0235072331740621,0.00840296628399436
2024-09-20,test,0.0273232916216353,0.008273781999412554
2024-09-23,test,0.0183800466261544,0.006211730151660953
2024-09-24,test,0.0154501843639589,0.010048678853330682
2024-09-25,test,0.0123394752039485,0.007442669517538268
2024-09-26,test,0.0100691006461106,0.006263377606998653
2024-09-27,test,0.0046630526820246,0.006693775666100542
2024-09-30,test,0.0047523808030215,0.0067836057356797305
2024-10-01,test,0.0091925585226907,0.0048578371230852055
2024-10-02,test,0.0065672054352853,0.004606109264657397
2024-10-03,test,0.0021650119337757,0.0026500516894673795
2024-10-04,test,-0.0034163087952054,-0.001242707683606549
2024-10-07,test,0.0016339010829422,0.0022717708202431783
2024-10-08,test,0.0046705083849622,0.0036438337735085966
2024-10-09,test,0.0215415985915884,0.0038854812821676674
2024-10-10,test,0.02888179952519,-0.0015116638620933723
2024-10-11,test,0.0269549463641079,0.002764756993228666
2024-10-14,test,0.0237207503642474,0.0016440434058852746
2024-10-15,test,0.0220399271109523,0.002017250939815883
2024-10-16,test,0.0167032040283315,0.000694792053357228
2024-10-17,test,0.012473951746316,0.010356666333897778
2024-10-18,test,0.0001847598270466,0.006238747583405556
2024-10-21,test,0.010416572550083,0.005705541846711258
2024-10-22,test,0.0088171217875635,0.0016395746022460286
2024-10-23,test,0.0161759469214138,0.005680196395168001
2024-10-24,test,0.0232473338109786,0.005724074651312104
2024-10-25,test,0.0336068680786997,0.009435938236547058
2024-10-28,test,0.0351766472754358,0.014871240848043775
2024-10-29,test,0.0382887441624206,0.0006951559499747892
2024-10-30,test,0.0399874532121796,-0.0006959510321274745
2024-10-31,test,0.0541845711464982,-0.0021037638191066313
2024-11-01,test,0.0501003056781756,-0.007431982247233328
2024-11-04,test,0.0515426404151979,-0.0013711753713185684
2024-11-05,test,0.0440464937647479,-0.0016742083097838548
2024-11-06,test,0.0164126370243627,0.0033458376150732536
2024-11-07,test,0.0152856954881944,0.0024765263985482497
2024-11-08,test,0.0024756797343545,-0.003122478322049184
2024-11-11,test,-0.002944329166195,-0.0003506856957137053
2024-11-12,test,0.0069000579249152,0.0020062931647608848
2024-11-13,test,-0.0013035390666442,-0.0006881513892591298
2024-11-14,test,0.0044838593906403,0.006034462481338286
2024-11-15,test,0.0122509089340459,0.004439505888382177
2024-11-18,test,0.0055662426638395,0.004502465439367907
2024-11-19,test,-0.0180325713288862,0.006701354007744374
2024-11-20,test,-0.0223794242937562,0.0037162664996458136
2024-11-21,test,-0.0217547268519867,0.003813454824626826
2024-11-22,test,-0.0237934806649301,0.002345574329176668
2024-11-25,test,-0.0182792382556547,0.004002681473704049
2024-11-26,test,-0.0198613553177563,0.0017722418975040996
2024-11-27,test,-0.0254069877885145,0.0015302778121371804
2024-11-29,test,-0.0418003399284846,0.0019426516564129068
